Workbook

Sheet PAINEL DE CONTROLE
A1: PAINEL DE CONTROLE UHT
C4: PROCESSO | F4: LINHA A3F-01 | I4: LINHA A3F-02 | L4: LINHA TBA8
C5: VTIS-01 | D5: 13697 | F5: A3 FLEX | G5: 28359 | I5: A3 FLEX | J5: 6544 | L5: TBA8 | M5: 37757
C6: ALEX 30 | D6: 13742 | F6: ACHX 30 | G6: 29646 | I6: ACHX 30 | J6: 6727 | L6: ACHX 22 | M6: 44333
F7: CAP 25 | G7: 10727 | I7: CAP 25 | J7: 6673 | L7: CBP 70 | M7: 25737
F8: CBP 32 | G8: 29012 | I8: CBP 32 | J8: 6545 | L8: TTS 51 | M8: 26588
A11: VTIS
B14: VTIS - PROCESSO | J14: HOMOGEINIZADOR ALEX 30
B15: MANUTENÇÃO | C15: FREQ HR | D15: HORAS | E15: STATUS | J15: MANUTENÇÃO | L15: FREQ HR | M15: HORAS | N15: STATUS
B16: ANEIS SMS | C16: 4000 | D16: =VTIS!K4 -> 91103 | J16: TROCA DAS GAXETAS | L16: 500 | M16: =HOMOGEINIZADOR!K3 -> 438
B17: CAMARA ASSEPTICA | C17: 6000 | D17: =VTIS!K9 -> 93103 | J17: LUBRIFICAÇÃO DO CARTER; REDUTOR E UNIDADE HID. | L17: 1500 | M17: =HOMOGEINIZADOR!K10 -> 1438
B18: INJETOR DE VAPOR SI53 | C18: 6000 | D18: =VTIS!K13 -> 93103 | J18: MOTOR M6 | L18: 8000 | M18: =HOMOGEINIZADOR!K29 -> -5742
B19: M2 | C19: 6000 | J19: PISTOES E BUCHAS DE BRONZE | L19: 1500 | M19: =HOMOGEINIZADOR!K13 -> -12242
B20: M5 | C20: 6000 | J20: BLOCO DE ADIMISSAO | L20: 3000 | M20: =HOMOGEINIZADOR!K15 -> -10742
B21: M8 | C21: 6000 | J21: TRAÇÃO DO HOMO | L21: 8000 | M21: =HOMOGEINIZADOR!K26 -> -5742
B22: M9 | C22: 6000
B23: M11 | C23: 6000 | D23: =VTIS!K31 -> 93103
A27: ENVASE UHT
C29: TPA3/FLEX 01 (21218/00372) | I29: TPA3/FLEX 02 (21218/00372)
C30: MANUTENÇÃO | E30: FREQ HR | F30: HORAS | G30: STATUS | I30: MANUTENÇÃO | K30: FREQ HR | L30: HORAS | M30: STATUS
C31: BOMBA DE PEROXIDO | E31: 2500 | F31: ='A3FLEX 01'!K3 -> #REF! | I31: BOMBA DE PEROXIDO | K31: 2500 | L31: ='A3FLEX 02'!K3 -> #REF!
C32: ROLAMENTOS DE ROLOS | E32: 2000 | F32: ='A3FLEX 01'!K14 -> -1710 | I32: ROLAMENTOS DE ROLOS | K32: 2000 | L32: ='A3FLEX 02'!K14 -> -4544
E33: 3000 | F33: ='A3FLEX 01'!K16 -> -710 | K33: 3000 | L33: ='A3FLEX 02'!K16 -> -3544
C34: TRANSPORTADOR ALIMENTAÇÃO | E34: 7000 | F34: ='A3FLEX 01'!K26 -> 3290 | I34: TRANSPORTADOR ALIMENTAÇÃO | K34: 7000 | L34: ='A3FLEX 02'!K26 -> 456
C35: CALHA DE DESCARTE | E35: 6000 | F35: ='A3FLEX 01'!K36 -> 2290 | I35: CALHA DE DESCARTE | K35: 6000 | L35: ='A3FLEX 02'!K36 -> -544
E36: 12000 | F36: ='A3FLEX 01'!K39 -> 8290 | K36: 12000 | L36: ='A3FLEX 02'!K39 -> 5456
C37: PULDOW DEVICE | E37: 5000 | F37: ='A3FLEX 01'!K41 -> 1290 | I37: PULDOW DEVICE | K37: 5000 | L37: ='A3FLEX 02'!K41 -> -1544
C38: DESCARREGADOR FFU | E38: 5000 | F38: ='A3FLEX 01'!K54 -> 1290 | I38: DESCARREGADOR FFU | K38: 5000 | L38: ='A3FLEX 02'!K54 -> -1544
E39: 10000 | F39: ='A3FLEX 01'!K56 -> 6290 | K39: 10000 | L39: ='A3FLEX 02'!K56 -> 3456
C40: ANÉIS DE FORMAÇÃO | E40: 1000 | F40: ='A3FLEX 01'!K59 -> -2710 | I40: ANÉIS DE FORMAÇÃO | K40: 1000 | L40: ='A3FLEX 02'!K59 -> -4446
C41: SIS. MANDIBULAS - UNID. DE FORMAÇÃO | E41: 1000 | F41: ='A3FLEX 01'!K63 -> -2710 | I41: SIS. MANDIBULAS - UNID. DE FORMAÇÃO | K41: 1000 | L41: ='[1]A3 FLEX 01'!$K$63 -> #REF!
E42: 2000 | F42: ='A3FLEX 01'!K64 -> -1710 | K42: 2000 | L42: ='A3FLEX 02'!K61 -> -5544
C43: BANHEIRA DE PERÓXIDO | E43: 2000 | F43: ='A3FLEX 01'!K66 -> -1710 | I43: BANHEIRA DE PERÓXIDO | K43: 2000 | L43: ='A3FLEX 02'!K66 -> -4544
C44: PISTÃO DE ACIONAMENTO DA FACA | E44: 2000 | F44: ='A3FLEX 01'!K68 -> -1710 | I44: PISTÃO DE ACIONAMENTO DA FACA | K44: 2000 | L44: ='A3FLEX 02'!K68 -> -4544
C45: REPARO DOS GANCHOS DE PRESSÃO | E45: 2000 | F45: ='A3FLEX 01'!K76 -> -1710 | I45: REPARO DOS GANCHOS DE PRESSÃO | K45: 2000 | L45: ='A3FLEX 02'!K76 -> -4544
C46: APLICADOR DE FITA | E46: 2000 | F46: ='[1]A3 FLEX 01'!$K$90 -> #REF! | I46: APLICADOR DE FITA | K46: 2000 | L46: ='A3FLEX 02'!K90 -> -4544
C47: SISTEMA DE MANDIBULA | E47: 2000 | F47: ='A3FLEX 01'!K92 -> -1710 | I47: SISTEMA DE MANDIBULA | K47: 2000 | L47: ='A3FLEX 02'!K92 -> -4544
E48: 4000 | F48: ='A3FLEX 01'!K97 -> 290 | K48: 4000 | L48: ='A3FLEX 02'!K97 -> -2544
E49: 5000 | F49: ='A3FLEX 01'!K98 -> 1290 | K49: 5000 | L49: ='A3FLEX 02'!K98 -> -1544
E50: 6000 | F50: ='A3FLEX 01'!K99 -> 2290 | K50: 6000 | L50: ='A3FLEX 02'!K99 -> -544
C51: BENDING ROLLER E GUIA | E51: 2000 | F51: ='A3FLEX 01'!K104 -> -1710 | I51: BENDING ROLLER E GUIA | K51: 2000 | L51: ='A3FLEX 02'!K104 -> -4544
C52: CONTRA ROLO | E52: 2000 | F52: ='A3FLEX 01'!K109 -> -1710 | I52: CONTRA ROLO | K52: 2000 | L52: ='A3FLEX 02'!K109 -> -4544
C53: ROLO PENDULAR | E53: 2000 | F53: ='A3FLEX 01'!K115 -> -1710 | I53: ROLO PENDULAR | K53: 2000 | L53: ='A3FLEX 02'!K115 -> -4544
C54: VALVULA REGULADORA | E54: 1000 | F54: ='A3FLEX 01'!K118 -> -2710 | I54: VALVULA REGULADORA | K54: 1000 | L54: ='A3FLEX 02'!K118 -> -4446
C55: PRESSURE DEVICE | E55: 5000 | F55: ='A3FLEX 01'!K120 -> 1290 | I55: PRESSURE DEVICE | K55: 5000 | L55: ='A3FLEX 02'!K120 -> -1544
C56: RODA (HUB) | E56: 15000 | F56: ='A3FLEX 01'!K138 -> 11290 | I56: RODA (HUB) | K56: 15000 | L56: ='A3FLEX 02'!K138 -> 8456
C57: FLAP (CAIXA) | E57: 12000 | F57: ='A3FLEX 01'!K148 -> 8290 | I57: FLAP (CAIXA) | K57: 12000 | L57: ='A3FLEX 02'!K148 -> 5456
C58: FLAP (ACIONAMENTO) | E58: 6000 | F58: ='A3FLEX 01'!K158 -> 2290 | I58: FLAP (ACIONAMENTO) | K58: 6000 | L58: ='A3FLEX 02'!K158 -> -544
C59: DRIVE | E59: 3000 | F59: ='A3FLEX 01'!K163 -> -710 | I59: DRIVE | K59: 3000 | L59: ='A3FLEX 02'!K163 -> -3544
E60: 6000 | F60: ='A3FLEX 01'!K164 -> 2290 | K60: 6000 | L60: ='A3FLEX 02'!K164 -> -544
E61: 12000 | F61: ='A3FLEX 01'!K179 -> 8290 | K61: 12000 | L61: ='A3FLEX 02'!K179 -> 5456
C62: PISTÃO FACA | E62: 6000 | F62: ='A3FLEX 01'!K182 -> 2290 | I62: PISTÃO FACA | K62: 6000 | L62: ='A3FLEX 02'!K182 -> -544
C63: VALVULA ''A'' VALVULA "B" VALVULA "C" | E63: 2000 | F63: ='A3FLEX 01'!K184 -> -1710 | I63: VALVULA ''A'' VALVULA "B" VALVULA "C" | K63: 2000 | L63: ='A3FLEX 02'!K184 -> -4544
E64: 6000 | F64: ='A3FLEX 01'!K192 -> 2290 | K64: 6000 | L64: ='A3FLEX 02'!K192 -> -544
C65: DINC | E65: 1000 | F65: ='A3FLEX 01'!K203 -> -2710 | I65: DINC | K65: 1000 | L65: ='A3FLEX 02'!K203 -> -5544
E66: 4000 | F66: ='A3FLEX 01'!K205 -> 290 | K66: 4000 | L66: ='A3FLEX 02'!K205 -> -2544
C67: SISTEMA DE MANDIBULA - SISTEMA DE PESO | E67: 12000 | F67: ='A3FLEX 01'!K234 -> 8290 | I67: SISTEMA DE MANDIBULA - SISTEMA DE PESO | K67: 12000 | L67: ='A3FLEX 02'!K234 -> 5456
C68: MESA DE PREPARAÇÃO | E68: 5000 | F68: ='A3FLEX 01'!K254 -> 1290 | I68: MESA DE PREPARAÇÃO | K68: 5000 | L68: ='A3FLEX 02'!K254 -> -1544
C69: SISTEMA DE CORREÇÃO - MANDÍBULAS | E69: 12000 | F69: ='A3FLEX 01'!K260 -> 8290 | I69: SISTEMA DE CORREÇÃO - MANDÍBULAS | K69: 12000 | L69: ='A3FLEX 02'!K255 -> 5456
A73: DE'S - HELIX 30
C76: HELIX 30 01 (75766/00312) | J76: HELIX 30 02 (75766/00312)
C77: MANUTENÇÃO | D77: FREQ HR | E77: HORAS | F77: STATUS | J77: MANUTENÇÃO | K77: FREQ HR | L77: HORAS | M77: STATUS
C78: ARANHA E RODA | D78: 6000 | E78: ='HELIX 01'!J4 -> 2193 | J78: ARANHA E RODA | K78: 6000 | L78: ='HELIX 02'!J4 -> -727
A83: DE'S - CAPPER 25
C86: CAPPER 25 01 (75777/00120) | I86: CAPPER 25 02 (75777/00120)
C87: MANUTENÇÃO | E87: FREQ HR | F87: HORAS | G87: STATUS | I87: MANUTENÇÃO | K87: FREQ HR | L87: HORAS | M87: STATUS
C88: UNIDADE DE FREIO DE ENTRADA | E88: 2000 | F88: ='CAPPER 01'!J5 -> -1627 | I88: UNIDADE DE FREIO DE ENTRADA | K88: 2000 | L88: ='CAPPER 02'!J5 -> -4673
C89: UNIDADE DAS CORREIAS LATERAL | E89: 3000 | F89: ='CAPPER 01'!J14 -> -627 | I89: UNIDADE DAS CORREIAS LATERAL | K89: 3000 | L89: ='CAPPER 02'!J14 -> -3673
C90: UNIDADE APLICADORA DE TAMPA | E90: 4000 | F90: ='CAPPER 01'!J16 -> 373 | I90: UNIDADE APLICADORA DE TAMPA | K90: 4000 | L90: ='CAPPER 02'!J16 -> -2673
C91: UNID. APLICADORA DE TAMPA | E91: 1000 | F91: ='CAPPER 01'!J3 -> -2627 | I91: UNID. APLICADORA DE TAMPA | K91: 1000 | L91: ='CAPPER 02'!J3 -> -5673
A94: DE'S - CARD BOARD
C97: CARDBOARD 32 01 (75783/00348) | I97: CARDBOARD 32 02 (75783/00348)
C98: MANUTENÇÃO | E98: FREQ HR | F98: HORAS | G98: STATUS | I98: MANUTENÇÃO | K98: FREQ HR | L98: HORAS | M98: STATUS
C99: FREIO DE ENTRADA | E99: 4000 | F99: ='CARD-32 01'!J3 -> 186 | I99: FREIO DE ENTRADA | K99: 4000 | L99: ='CARD-32 02'!J3 -> -2545
E100: 2000 | F100: ='CARD-32 01'!J4 -> -1814 | K100: 2000 | L100: ='CARD-32 02'!J4 -> -4545
C101: EMPURRADOR DE AGRUPAMENTO | E101: 5000 | F101: ='CARD-32 01'!J10 -> #REF! | I101: EMPURRADOR DE AGRUPAMENTO | K101: 5000 | L101: ='CARD-32 02'!J10 -> -1545
C102: PLACA GUIA DE TRANSFERENCIA | E102: 4000 | F102: ='CARD-32 01'!J13 -> #REF! | I102: PLACA GUIA DE TRANSFERENCIA | K102: 4000 | L102: ='CARD-32 02'!J13 -> -2545
C103: CORPO DE TRANSFERENCIA | E103: 4000 | F103: ='CARD-32 01'!J16 -> #REF! | I103: CORPO DE TRANSFERENCIA | K103: 4000 | L103: ='CARD-32 02'!J16 -> -2545
C104: BRAÇO DE PARADA | E104: 4000 | F104: ='CARD-32 01'!J23 -> #REF! | I104: BRAÇO DE PARADA | K104: 4000 | L104: ='CARD-32 02'!J23 -> -2545
C105: PLACA DE AGRUPAMENTO | E105: 4000 | F105: ='[1]CARD32 01'!$J$24 -> #REF! | I105: PLACA DE AGRUPAMENTO | K105: 4000 | L105: ='[1]CARD32 01'!$J$24 -> #REF!
C106: CADEIA DE ESTAÇÃO | E106: 4000 | F106: ='CARD-32 01'!J34 -> #REF! | I106: CADEIA DE ESTAÇÃO | K106: 4000 | L106: ='CARD-32 02'!J34 -> -2545
C107: PRENSA DE FUNDO | E107: 4000 | F107: ='CARD-32 01'!J50 -> #REF! | I107: PRENSA DE FUNDO | K107: 4000 | L107: ='CARD-32 02'!J50 -> -2545
C108: SUPORTE DA BANDEJA | E108: 3000 | F108: ='CARD-32 01'!J51 -> #REF! | I108: SUPORTE DA BANDEJA | K108: 3000 | L108: ='CARD-32 02'!J51 -> -3545
C109: PARADA FINAL DA EMBALAGEM | E109: 3000 | F109: ='CARD-32 01'!J54 -> #REF! | I109: PARADA FINAL DA EMBALAGEM | K109: 3000 | L109: ='CARD-32 02'!J54 -> -3545
C110: ESTAÇÃO DE DOBRAGEM | E110: 3000 | F110: ='CARD-32 01'!J56 -> #REF! | I110: ESTAÇÃO DE DOBRAGEM | K110: 3000 | L110: ='CARD-32 02'!J56 -> -3545
C111: VENTOSA | E111: 2000 | F111: ='CARD-32 01'!J57 -> #REF! | I111: VENTOSA | K111: 2000 | L111: ='CARD-32 02'!J57 -> -4545
C112: UNIDADE DE APOIO | E112: 5000 | F112: ='CARD-32 01'!J59 -> #REF! | I112: UNIDADE DE APOIO | K112: 5000 | L112: ='CARD-32 02'!J59 -> -1545
E113: 10000 | F113: ='CARD-32 01'!J63 -> #REF! | K113: 10000 | L113: ='CARD-32 02'!J63 -> 3455
C114: SIST. DE LUBRI. DA FORMACAO | E114: 4000 | F114: ='CARD-32 01'!J64 -> #REF! | I114: SIST. DE LUBRI. DA FORMACAO | K114: 4000 | L114: ='CARD-32 02'!J64 -> -2545
C115: UNIDADE DE TRANSFERÊNCIA | E115: 6000 | F115: ='CARD-32 01'!J65 -> #REF! | I115: UNIDADE DE TRANSFERÊNCIA | K115: 6000 | L115: ='CARD-32 02'!J65 -> -545

Sheet VTIS
A1: VTIS - PROCESSO
A2: SISTEMA | B2: PROG | C2: COD PROTHEUS | D2: COD TETRA | E2: DESCRIÇÃO | F2: QT | G2: FREQ. TROCA | H2: HOR. ATUAL | I2: ULT. TROCA | J2: PREVISÃO | K2: HORAS P/ MANT. | L2: DATA DE MANUTENÇÃO | M2: OBSERVAÇÃO | N2: MANUTENTOR | O2: DATA DE MANUTENÇÃO | P2: OBSERVAÇÃO | Q2: MANUTENTOR | R2: DATA DE MANUTENÇÃO | S2: OBSERVAÇÃO | T2: MANUTENTOR | U2: DATA DE MANUTENÇÃO | V2: OBSERVAÇÃO | W2: MANUTENTOR | X2: DATA DE MANUTENÇÃO | Y2: OBSERVAÇÃO | Z2: MANUTENTOR | AA2: DATA DE MANUTENÇÃO | AB2: OBSERVAÇÃO | AC2: MANUTENTOR | AD2: DATA DE MANUTENÇÃO | AE2: OBSERVAÇÃO | AF2: MANUTENTOR | AG2: DATA DE MANUTENÇÃO | AH2: OBSERVAÇÃO | AI2: MANUTENTOR | AJ2: DATA DE MANUTENÇÃO | AK2: OBSERVAÇÃO | AL2: MANUTENTOR | AM2: DATA DE MANUTENÇÃO | AN2: OBSERVAÇÃO | AO2: MANUTENTOR | AP2: DATA DE MANUTENÇÃO | AQ2: OBSERVAÇÃO | AR2: MANUTENTOR | AS2: DATA DE MANUTENÇÃO | AT2: OBSERVAÇÃO | AU2: MANUTENTOR
A3: FILTRO CULINÁRIO | C3: 06190002115 | E3: ANEL DE VEDAÇÃO | F3: 1 | G3: X | H3: =TODAY() -> 46046 | I3: 45323 | J3: =SUM(I3+G3) -> #VALUE! | K3: =J3-H3 -> #VALUE!
A4: ANEIS SMS | B4: 809 | C4: 06000001558 | D4: 6-3131703753 | E4: ANEL DE VEDACAO SMS 1" | F4: 10 | G4: 4000 | H4: ='PAINEL DE CONTROLE'!$D$5 -> 13697 | I4: 100800 | J4: =SUM(I4+G4) -> 104800 | K4: =J4-H4 -> 91103
C5: 06000001559 | D5: 6-3131703772 | E5: ANEL DE VEDACAO SMS 1.1/2" | F5: 20 | G5: 4000 | H5: ='PAINEL DE CONTROLE'!$D$5 -> 13697 | I5: 100800 | J5: =SUM(I5+G5) -> 104800 | K5: =J5-H5 -> 91103
C6: 06000001560 | D6: 6-3131703785 | E6: ANEL DE VEDACAO SMS 2" | F6: 60 | G6: 4000 | H6: ='PAINEL DE CONTROLE'!$D$5 -> 13697 | I6: 100800 | J6: =SUM(I6+G6) -> 104800 | K6: =J6-H6 -> 91103
C7: 06000001561 | D7: 6-3131703793 | E7: ANEL DE VEDACAO SMS 2.1/2" | F7: 15 | G7: 4000 | H7: ='PAINEL DE CONTROLE'!$D$5 -> 13697 | I7: 100800 | J7: =SUM(I7+G7) -> 104800 | K7: =J7-H7 -> 91103
C8: 06000001562 | D8: 6-3131703803 | E8: ANEL DE VEDACAO SMS 3" | F8: 10 | G8: 4000 | H8: ='PAINEL DE CONTROLE'!$D$5 -> 13697 | I8: 100800 | J8: =SUM(I8+G8) -> 104800 | K8: =J8-H8 -> 91103
A9: CAMARA DE VÁCUO | B9: 810 | C9: 06000003208 | D9: 90510-5540 | E9: ANEL DE BORRACHA | F9: 4 | G9: 6000 | H9: ='PAINEL DE CONTROLE'!$D$5 -> 13697 | I9: 100800 | J9: =SUM(I9+G9) -> 106800 | K9: =J9-H9 -> 93103
C10: 06000001566 | D10: 6-3180124811 | E10: ANEL DE BORRACHA | F10: 1 | G10: 6000 | H10: ='PAINEL DE CONTROLE'!$D$5 -> 13697 | I10: 100800 | J10: =SUM(I10+G10) -> 106800 | K10: =J10-H10 -> 93103
C11: =VLOOKUP(D11,'[1]2-Saldos em Estoque'!A1:C33546,2,0) -> #REF! | D11: 6-26019070 | E11: ORING | F11: 6 | G11: 6000 | H11: ='PAINEL DE CONTROLE'!$D$5 -> 13697 | I11: 100800 | J11: =SUM(I11+G11) -> 106800 | K11: =J11-H11 -> 93103
C12: =VLOOKUP(D12,'[1]2-Saldos em Estoque'!A2:C33547,2,0) -> #REF! | D12: 6-26019068 | E12: ORING | F12: 6 | G12: 6000 | H12: ='PAINEL DE CONTROLE'!$D$5 -> 13697 | I12: 100800 | J12: =SUM(I12+G12) -> 106800 | K12: =J12-H12 -> 93103
A13: INJETOR DE VAPOR SI53 | B13: 811 | C13: =VLOOKUP(D13,'[1]2-Saldos em Estoque'!A3:C33548,2,0) -> #REF! | D13: 6-3131703803 | E13: ANEL DE BORRACHA | F13: 1 | G13: 6000 | H13: ='PAINEL DE CONTROLE'!$D$5 -> 13697 | I13: 100800 | J13: =SUM(I13+G13) -> 106800 | K13: =J13-H13 -> 93103
C14: 06000017858 | D14: 90522-3724 | E14: ANEL DE VEDAÇÃO | F14: 1 | G14: 6000 | H14: ='PAINEL DE CONTROLE'!$D$5 -> 13697 | I14: 100800 | J14: =SUM(I14+G14) -> 106800 | K14: =J14-H14 -> 93103
C15: 06000017859 | D15: 90522-3727 | E15: ANEL DE VEDAÇÃO | F15: 1 | G15: 6000 | H15: ='PAINEL DE CONTROLE'!$D$5 -> 13697 | I15: 100800 | J15: =SUM(I15+G15) -> 106800 | K15: =J15-H15 -> 93103
C16: 06000017860 | D16: 90522-3728 | E16: ANEL DE VEDAÇÃO | F16: 1 | G16: 6000 | H16: ='PAINEL DE CONTROLE'!$D$5 -> 13697 | I16: 100800 | J16: =SUM(I16+G16) -> 106800 | K16: =J16-H16 -> 93103
A17: M2 BOMBA DE ALIMENTAÇÃO PARA ENVIO DE PRODUTO PARA O TROCADOR DE CALOR A PLACAS | B17: 812 | C17: =VLOOKUP(D17,'[1]2-Saldos em Estoque'!A7:C33552,2,0) -> #REF! | D17: 6-9611922111 | E17: REPARO DE VEDACAO BORRACHA | F17: 1 | G17: 2000 | H17: ='PAINEL DE CONTROLE'!$D$5 -> 13697 | I17: 100800 | J17: =SUM(I17+G17) -> 102800 | K17: =J17-H17 -> 89103
B18: 813 | C18: 06320000109 | E18: ROLAMENTO 6309 ZZ C3 | F18: 1 | G18: 6000 | H18: ='PAINEL DE CONTROLE'!$D$5 -> 13697 | I18: 100800 | J18: =SUM(I18+G18) -> 106800 | K18: =J18-H18 -> 93103
C19: 06320000083 | E19: ROLAMENTO 6209 ZZ C3 | F19: 1 | G19: 6000 | H19: ='PAINEL DE CONTROLE'!$D$5 -> 13697 | I19: 100800 | J19: =SUM(I19+G19) -> 106800 | K19: =J19-H19 -> 93103
A20: M5 BOMBA CENTRÍFUGA DE ALIMENTAÇÃO DE PRODUTO | B20: 814 | C20: 06000001931 | D20: 6-9611922226 | E20: SERVI KIT | F20: 1 | G20: 2000 | H20: ='PAINEL DE CONTROLE'!$D$5 -> 13697 | I20: 100800 | J20: =SUM(I20+G20) -> 102800 | K20: =J20-H20 -> 89103
B21: 815 | C21: 06320000109 | E21: ROLAMENTO 6309 ZZ C3 | F21: 1 | G21: 6000 | H21: ='PAINEL DE CONTROLE'!$D$5 -> 13697 | I21: 100800 | J21: =SUM(I21+G21) -> 106800 | K21: =J21-H21 -> 93103
C22: 06320000083 | E22: ROLAMENTO 6209 ZZ C3 | F22: 1 | G22: 6000 | H22: ='PAINEL DE CONTROLE'!$D$5 -> 13697 | I22: 100800 | J22: =SUM(I22+G22) -> 106800 | K22: =J22-H22 -> 93103
A23: M8 BOMBA CENTRÍFUGA DO SISTEMA DE REFRIGERAÇÃO DO CONDENSADOR | B23: 816 | C23: 06000002088 | D23: 6-9611922122 | E23: SELO DE VEDAÇÃO | F23: 1 | G23: 2000 | H23: ='PAINEL DE CONTROLE'!$D$5 -> 13697 | I23: 100800 | J23: =SUM(I23+G23) -> 102800 | K23: =J23-H23 -> 89103
B24: 817 | C24: 06320000102 | E24: ROLAMENTO 6308 ZZ C3 | F24: 1 | G24: 6000 | H24: ='PAINEL DE CONTROLE'!$D$5 -> 13697 | I24: 100800 | J24: =SUM(I24+G24) -> 106800 | K24: =J24-H24 -> 93103
C25: 06320000073 | E25: ROLAMENTO 6206 ZZ C3 | F25: 1 | G25: 6000 | H25: ='PAINEL DE CONTROLE'!$D$5 -> 13697 | I25: 100800 | J25: =SUM(I25+G25) -> 106800 | K25: =J25-H25 -> 93103
A26: M9 BOMBA CENTRÍFUGA DO CIRCUITO DE ÁGUA | B26: 818 | C26: 06000007032 | D26: 90503-2293 | E26: SELO MECÂNICO | F26: 1 | G26: 2000 | H26: ='PAINEL DE CONTROLE'!$D$5 -> 13697 | J26: =SUM(I26+G26) -> 2000 | K26: =J26-H26 -> -11697
C27: 06000011305 | D27: 90503-2919 | E27: CONJUNTO DE VEDAÇÃO | F27: 1 | G27: 2000 | H27: ='PAINEL DE CONTROLE'!$D$5 -> 13697 | J27: =SUM(I27+G27) -> 2000 | K27: =J27-H27 -> -11697
C28: 06000008125 | D28: 90503-1053 | E28: GAXETA DE VEDAÇÃO DE BORRACHA | F28: 1 | G28: 2000 | H28: ='PAINEL DE CONTROLE'!$D$5 -> 13697 | J28: =SUM(I28+G28) -> 2000 | K28: =J28-H28 -> -11697
B29: 819 | C29: 06320001277 | E29: ROLAMENTO 7308 BE | F29: 1 | G29: 6000 | H29: ='PAINEL DE CONTROLE'!$D$5 -> 13697 | J29: =SUM(I29+G29) -> 6000 | K29: =J29-H29 -> -7697
C30: 06320000073 | E30: ROLAMENTO 6206 ZZ C3 | F30: 1 | G30: 6000 | H30: ='PAINEL DE CONTROLE'!$D$5 -> 13697 | J30: =SUM(I30+G30) -> 6000 | K30: =J30-H30 -> -7697
A31: M11 BOMBA DE VÁCUO | C31: 06000008847 | D31: 90516-5521 | E31: CONJUNTO DE PECAS SOBRESSALENTES | F31: 1 | G31: 6000 | H31: ='PAINEL DE CONTROLE'!$D$5 -> 13697 | I31: 100800 | J31: =SUM(I31+G31) -> 106800 | K31: =J31-H31 -> 93103
C32: 06320000109 | E32: ROLAMENTO 6309 ZZ C3 | F32: 1 | G32: 6000 | H32: ='PAINEL DE CONTROLE'!$D$5 -> 13697 | I32: 100800 | J32: =SUM(I32+G32) -> 106800 | K32: =J32-H32 -> 93103
C33: 06320000080 | E33: ROLAMENTO 6208 ZZ C3 | F33: 1 | G33: 6000 | H33: ='PAINEL DE CONTROLE'!$D$5 -> 13697 | I33: 100800 | J33: =SUM(I33+G33) -> 106800 | K33: =J33-H33 -> 93103
A34: M12 UNIDADE DE ALIMENTAÇÃO DE CIP (SODA) (90510-2119) | B34: 820 | C34: 06000012581 | D34: 90510-2299 | E34: SPARE PART KIT | F34: 1 | G34: 3000 | H34: ='PAINEL DE CONTROLE'!$D$5 -> 13697 | J34: =SUM(I34+G34) -> 3000 | K34: =J34-H34 -> -10697
A35: M13 UNIDADE DE ALIMENTAÇÃO DE CIP (ÁCIDO) (90510-2119) | B35: 821 | C35: 06000012581 | D35: 90510-2299 | E35: SPARE PART KIT | F35: 1 | G35: 3000 | H35: ='PAINEL DE CONTROLE'!$D$5 -> 13697 | J35: =SUM(I35+G35) -> 3000 | K35: =J35-H35 -> -10697
A36: V04 VÁLVULA ESFERA DE ÁGUA DO SISTEMA DE REFRIGERAÇÃO DO CONDENSADOR | B36: 822 | C36: =VLOOKUP(D36,'[2]2-Saldos em Estoque'!$A$3:$F$37081,2,0) -> #REF! | D36: 6-3180121904 | E36: =VLOOKUP(D36,'[2]2-Saldos em Estoque'!$A$3:$F$37081,3,0) -> #REF! | F36: 1 | G36: 1000 | H36: ='PAINEL DE CONTROLE'!$D$5 -> 13697 | K36: =J36-H36 -> -13697
B37: 823 | C37: =VLOOKUP(D37,'[2]2-Saldos em Estoque'!$A$3:$F$37081,2,0) -> #REF! | D37: 6-9611923010 | E37: =VLOOKUP(D37,'[2]2-Saldos em Estoque'!$A$3:$F$37081,3,0) -> #REF! | F37: 1 | G37: 6000 | H37: ='PAINEL DE CONTROLE'!$D$5 -> 13697 | K37: =J37-H37 -> -13697
A38: V05 VÁLVULA DE CIP DO TANQUE DE EQUILÍBRIO | B38: 824 | C38: =VLOOKUP(D38,'[2]2-Saldos em Estoque'!$A$3:$F$37081,2,0) -> #REF! | D38: 6-9611920008 | E38: =VLOOKUP(D38,'[2]2-Saldos em Estoque'!$A$3:$F$37081,3,0) -> #REF! | F38: 1 | G38: 6000 | H38: ='PAINEL DE CONTROLE'!$D$5 -> 13697 | I38: 100800 | J38: =SUM(I38+G38) -> 106800 | K38: =J38-H38 -> 93103
B39: 825 | C39: =VLOOKUP(D39,'[2]2-Saldos em Estoque'!$A$3:$F$37081,2,0) -> #REF! | D39: 6-9611920010 | E39: =VLOOKUP(D39,'[2]2-Saldos em Estoque'!$A$3:$F$37081,3,0) -> #REF! | F39: 1 | G39: 2000 | H39: ='PAINEL DE CONTROLE'!$D$5 -> 13697 | I39: 100800 | J39: =SUM(I39+G39) -> 102800 | K39: =J39-H39 -> 89103
A40: V08 VÁLVULA DE CONTROLE DE ENTRADA DE PRODUTO PARA O TANQUE DE EQUILIBRIO | B40: 826 | C40: =VLOOKUP(D40,'[2]2-Saldos em Estoque'!$A$3:$F$37081,2,0) -> #REF! | D40: 6-99041858 | E40: =VLOOKUP(D40,'[2]2-Saldos em Estoque'!$A$3:$F$37081,3,0) -> #REF! | F40: 1 | G40: 12000 | H40: ='PAINEL DE CONTROLE'!$D$5 -> 13697 | J40: =SUM(I40+G40) -> 12000 | K40: =J40-H40 -> -1697
B41: 827 | C41: =VLOOKUP(D41,'[2]2-Saldos em Estoque'!$A$3:$F$37081,2,0) -> #REF! | D41: 6-99042535 | E41: =VLOOKUP(D41,'[2]2-Saldos em Estoque'!$A$3:$F$37081,3,0) -> #REF! | F41: 1 | G41: 6000 | H41: ='PAINEL DE CONTROLE'!$D$5 -> 13697 | J41: =SUM(I41+G41) -> 6000 | K41: =J41-H41 -> -7697
A42: V09 VÁLVULA ESFERA DE VAPOR PARA O DRENO DO CIRCUITO DE ÁGUA QUENTE | B42: 828 | C42: =VLOOKUP(D42,'[2]2-Saldos em Estoque'!$A$3:$F$37081,2,0) -> #REF! | D42: 6-3180121903 | E42: =VLOOKUP(D42,'[2]2-Saldos em Estoque'!$A$3:$F$37081,3,0) -> #REF! | F42: 1 | G42: 3000 | H42: ='PAINEL DE CONTROLE'!$D$5 -> 13697 | K42: =J42-H42 -> -13697
A43: V13.1 VÁLVULA DE ENTRADA DE PRODUTO PARA O TANQUE DE EQUILIBRIO | B43: 829 | C43: =VLOOKUP(D43,'[2]2-Saldos em Estoque'!$A$3:$F$37081,2,0) -> #REF! | D43: 6-9611923030 | E43: =VLOOKUP(D43,'[2]2-Saldos em Estoque'!$A$3:$F$37081,3,0) -> #REF! | F43: 1 | G43: 6000 | H43: ='PAINEL DE CONTROLE'!$D$5 -> 13697 | I43: 100800 | J43: =SUM(I43+G43) -> 106800 | K43: =J43-H43 -> 93103
A44: V13.2 VÁLVULAS DE ENTRADA DE ÁGUA PARA O TANQUE DE EQUILIBRIO | B44: 830 | C44: =VLOOKUP(D44,'[2]2-Saldos em Estoque'!$A$3:$F$37081,2,0) -> #REF! | D44: 6-9611923030 | E44: =VLOOKUP(D44,'[2]2-Saldos em Estoque'!$A$3:$F$37081,3,0) -> #REF! | F44: 1 | G44: 6000 | H44: ='PAINEL DE CONTROLE'!$D$5 -> 13697 | K44: =J44-H44 -> -13697
A45: V14 VÁLVULA DE DESVIO DE ÁGUA PARA O BTD/DRENO | B45: 831 | C45: =VLOOKUP(D45,'[2]2-Saldos em Estoque'!$A$3:$F$37081,2,0) -> #REF! | D45: 6-9611920008 | E45: =VLOOKUP(D45,'[2]2-Saldos em Estoque'!$A$3:$F$37081,3,0) -> #REF! | F45: 1 | G45: 6000 | H45: ='PAINEL DE CONTROLE'!$D$5 -> 13697 | I45: 100800 | J45: =SUM(I45+G45) -> 106800 | K45: =J45-H45 -> 93103
B46: 832 | C46: =VLOOKUP(D46,'[2]2-Saldos em Estoque'!$A$3:$F$37081,2,0) -> #REF! | D46: 6-9611920028 | E46: =VLOOKUP(D46,'[2]2-Saldos em Estoque'!$A$3:$F$37081,3,0) -> #REF! | F46: 1 | G46: 2000 | H46: ='PAINEL DE CONTROLE'!$D$5 -> 13697 | I46: 100800 | J46: =SUM(I46+G46) -> 102800 | K46: =J46-H46 -> 89103
A47: V15 VÁLVULA DE DESVIO DE PRODUTO/CIP PARA O DRENO DO BTD/TANQUE DE REJEITO | B47: 833 | C47: =VLOOKUP(D47,'[2]2-Saldos em Estoque'!$A$3:$F$37081,2,0) -> #REF! | D47: 6-9611920028 | E47: =VLOOKUP(D47,'[2]2-Saldos em Estoque'!$A$3:$F$37081,3,0) -> #REF! | F47: 1 | G47: 2000 | H47: ='PAINEL DE CONTROLE'!$D$5 -> 13697 | I47: 100800 | J47: =SUM(I47+G47) -> 102800 | K47: =J47-H47 -> 89103
B48: 834 | C48: =VLOOKUP(D48,'[2]2-Saldos em Estoque'!$A$3:$F$37081,2,0) -> #REF! | D48: 6-9611920111 | E48: =VLOOKUP(D48,'[2]2-Saldos em Estoque'!$A$3:$F$37081,3,0) -> #REF! | F48: 1 | G48: 6000 | H48: ='PAINEL DE CONTROLE'!$D$5 -> 13697 | I48: 100800 | J48: =SUM(I48+G48) -> 106800 | K48: =J48-H48 -> 93103
A49: V23 VÁLVULA ESFERA DE VAPOR PARA O SISTEMA DE INJEÇÃO DE VAPOR | B49: 835 | C49: =VLOOKUP(D49,'[2]2-Saldos em Estoque'!$A$3:$F$37081,2,0) -> #REF! | D49: 6-3180121904 | E49: =VLOOKUP(D49,'[2]2-Saldos em Estoque'!$A$3:$F$37081,3,0) -> #REF! | F49: 1 | G49: 3000 | H49: ='PAINEL DE CONTROLE'!$D$5 -> 13697 | K49: =J49-H49 -> -13697
B50: 836 | C50: =VLOOKUP(D50,'[2]2-Saldos em Estoque'!$A$3:$F$37081,2,0) -> #REF! | D50: 6-9611923010 | E50: =VLOOKUP(D50,'[2]2-Saldos em Estoque'!$A$3:$F$37081,3,0) -> #REF! | F50: 1 | G50: 6000 | H50: ='PAINEL DE CONTROLE'!$D$5 -> 13697 | K50: =J50-H50 -> -13697
A51: V24 VÁLVULA DE FLUXO CONSTANTE DE ÁGUA DO SISTEMA DE VÁCUO | C51: =VLOOKUP(D51,'[2]2-Saldos em Estoque'!$A$3:$F$37081,2,0) -> #REF! | D51: 6-3180110543 | E51: =VLOOKUP(D51,'[2]2-Saldos em Estoque'!$A$3:$F$37081,3,0) -> #REF! | F51: 1 | G51: X | H51: ='PAINEL DE CONTROLE'!$D$5 -> 13697 | K51: =J51-H51 -> -13697
A52: V29 VÁLVULA DE ESFERA DE ÁGUA DO SISTEMA DE VÁCUO | B52: 837 | C52: =VLOOKUP(D52,'[2]2-Saldos em Estoque'!$A$3:$F$37081,2,0) -> #REF! | D52: 6-3180121903 | E52: =VLOOKUP(D52,'[2]2-Saldos em Estoque'!$A$3:$F$37081,3,0) -> #REF! | F52: 1 | G52: 3000 | H52: ='PAINEL DE CONTROLE'!$D$5 -> 13697 | K52: =J52-H52 -> -13697
B53: 838 | C53: =VLOOKUP(D53,'[2]2-Saldos em Estoque'!$A$3:$F$37081,2,0) -> #REF! | D53: 6-9611923010 | E53: =VLOOKUP(D53,'[2]2-Saldos em Estoque'!$A$3:$F$37081,3,0) -> #REF! | F53: 1 | G53: 6000 | H53: ='PAINEL DE CONTROLE'!$D$5 -> 13697 | K53: =J53-H53 -> -13697
A54: V30 VÁLVULA DE ENTRADA DE PRODUTO NA CÂMARA DE VÁCUO DO SISTEMA DE ALIMENTAÇÃO DE PRODUTO | C54: =VLOOKUP(D54,'[2]2-Saldos em Estoque'!$A$3:$F$37081,2,0) -> #REF! | D54: 6-3131703753 | E54: =VLOOKUP(D54,'[2]2-Saldos em Estoque'!$A$3:$F$37081,3,0) -> #REF! | F54: 1 | G54: X | H54: ='PAINEL DE CONTROLE'!$D$5 -> 13697 | J54: =SUM(I54+G54) -> #VALUE! | K54: =J54-H54 -> #VALUE!
C55: =VLOOKUP(D55,'[2]2-Saldos em Estoque'!$A$3:$F$37081,2,0) -> #REF! | D55: 6-9611920001 | E55: =VLOOKUP(D55,'[2]2-Saldos em Estoque'!$A$3:$F$37081,3,0) -> #REF! | F55: 2 | G55: X | H55: ='PAINEL DE CONTROLE'!$D$5 -> 13697 | J55: =SUM(I55+G55) -> #VALUE! | K55: =J55-H55 -> #VALUE!
A56: V33 VÁLVULA DE DESVIO DE ÁGUA DO SISTEMA DE VÁCUO | B56: 839 | C56: =VLOOKUP(D56,'[2]2-Saldos em Estoque'!$A$3:$F$37081,2,0) -> #REF! | D56: 6-9611920008 | E56: =VLOOKUP(D56,'[2]2-Saldos em Estoque'!$A$3:$F$37081,3,0) -> #REF! | F56: 1 | G56: 6000 | H56: ='PAINEL DE CONTROLE'!$D$5 -> 13697 | I56: 100800 | J56: =SUM(I56+G56) -> 106800 | K56: =J56-H56 -> 93103
B57: 840 | C57: =VLOOKUP(D57,'[2]2-Saldos em Estoque'!$A$3:$F$37081,2,0) -> #REF! | D57: 6-9611920031 | E57: =VLOOKUP(D57,'[2]2-Saldos em Estoque'!$A$3:$F$37081,3,0) -> #REF! | F57: 1 | G57: 2000 | H57: ='PAINEL DE CONTROLE'!$D$5 -> 13697 | I57: 100800 | J57: =SUM(I57+G57) -> 102800 | K57: =J57-H57 -> 89103
A58: V34 VÁLVULA ESFERA DO SISTEMA DE VÁCUO | B58: 841 | C58: =VLOOKUP(D58,'[2]2-Saldos em Estoque'!$A$3:$F$37081,2,0) -> #REF! | D58: 6-3180121904 | E58: =VLOOKUP(D58,'[2]2-Saldos em Estoque'!$A$3:$F$37081,3,0) -> #REF! | F58: 1 | G58: 1000 | H58: ='PAINEL DE CONTROLE'!$D$5 -> 13697 | K58: =J58-H58 -> -13697
B59: 842 | C59: =VLOOKUP(D59,'[2]2-Saldos em Estoque'!$A$3:$F$37081,2,0) -> #REF! | D59: 6-9611923010 | E59: =VLOOKUP(D59,'[2]2-Saldos em Estoque'!$A$3:$F$37081,3,0) -> #REF! | F59: 1 | G59: 6000 | H59: ='PAINEL DE CONTROLE'!$D$5 -> 13697 | K59: =J59-H59 -> -13697
A60: V35 VÁLVULA DE ENTRADA DE CIP DO SISTEMA DE ALIMENTAÇÃO DE PRODUTO | B60: 843 | C60: =VLOOKUP(D60,'[2]2-Saldos em Estoque'!$A$3:$F$37081,2,0) -> #REF! | D60: 6-9611920008 | E60: =VLOOKUP(D60,'[2]2-Saldos em Estoque'!$A$3:$F$37081,3,0) -> #REF! | F60: 1 | G60: 6000 | H60: ='PAINEL DE CONTROLE'!$D$5 -> 13697 | I60: 100800 | J60: =SUM(I60+G60) -> 106800 | K60: =J60-H60 -> 93103
B61: 844 | C61: =VLOOKUP(D61,'[2]2-Saldos em Estoque'!$A$3:$F$37081,2,0) -> #REF! | D61: 6-9611926544 | E61: =VLOOKUP(D61,'[2]2-Saldos em Estoque'!$A$3:$F$37081,3,0) -> #REF! | F61: 1 | G61: 1000 | H61: ='PAINEL DE CONTROLE'!$D$5 -> 13697 | I61: 100800 | J61: =SUM(I61+G61) -> 101800 | K61: =J61-H61 -> 88103
A62: V40 VÁLVULA BORBOLETA DE ENTRADA DE ÁGUA DE TORRE DO SISTEMA DE REFRIGERAÇÃO DO CONDENSADOR | B62: 845 | C62: =VLOOKUP(D62,'[2]2-Saldos em Estoque'!$A$3:$F$37081,2,0) -> #REF! | D62: 6-9611923032 | E62: =VLOOKUP(D62,'[2]2-Saldos em Estoque'!$A$3:$F$37081,3,0) -> #REF! | F62: 1 | G62: 1000 | H62: ='PAINEL DE CONTROLE'!$D$5 -> 13697 | I62: 100800 | J62: =SUM(I62+G62) -> 101800 | K62: =J62-H62 -> 88103
B63: 846 | C63: =VLOOKUP(D63,'[2]2-Saldos em Estoque'!$A$3:$F$37081,2,0) -> #REF! | D63: 6-9611923010 | E63: =VLOOKUP(D63,'[2]2-Saldos em Estoque'!$A$3:$F$37081,3,0) -> #REF! | F63: 1 | G63: 6000 | H63: ='PAINEL DE CONTROLE'!$D$5 -> 13697 | I63: 100800 | J63: =SUM(I63+G63) -> 106800 | K63: =J63-H63 -> 93103
A64: V41 VÁLVULA DE CONTROLE AUTOMÁTICO DE ÁGUA DE TORRE DE RECIRCULAÇÃO | B64: 847 | C64: =VLOOKUP(D64,'[2]2-Saldos em Estoque'!$A$3:$F$37081,2,0) -> #REF! | D64: 6-99041765 | E64: =VLOOKUP(D64,'[2]2-Saldos em Estoque'!$A$3:$F$37081,3,0) -> #REF! | F64: 1 | G64: 6000 | H64: ='PAINEL DE CONTROLE'!$D$5 -> 13697 | J64: =SUM(I64+G64) -> 6000 | K64: =J64-H64 -> -7697
B65: 848 | C65: =VLOOKUP(D65,'[2]2-Saldos em Estoque'!$A$3:$F$37081,2,0) -> #REF! | D65: 6-99041768 | E65: =VLOOKUP(D65,'[2]2-Saldos em Estoque'!$A$3:$F$37081,3,0) -> #REF! | F65: 1 | G65: 12000 | H65: ='PAINEL DE CONTROLE'!$D$5 -> 13697 | J65: =SUM(I65+G65) -> 12000 | K65: =J65-H65 -> -1697
A66: V42 VÁLVULA DE REDUÇÃO DE VAPOR DO SISTEMA DE INJEÇÃO DE VAPOR | C66: =VLOOKUP(D66,'[2]2-Saldos em Estoque'!$A$3:$F$37081,2,0) -> #REF! | D66: 6-99041172 | E66: =VLOOKUP(D66,'[2]2-Saldos em Estoque'!$A$3:$F$37081,3,0) -> #REF! | F66: 1 | G66: X | H66: ='PAINEL DE CONTROLE'!$D$5 -> 13697 | K66: =J66-H66 -> -13697
C67: =VLOOKUP(D67,'[2]2-Saldos em Estoque'!$A$3:$F$37081,2,0) -> #REF! | D67: 6-99041173 | E67: =VLOOKUP(D67,'[2]2-Saldos em Estoque'!$A$3:$F$37081,3,0) -> #REF! | F67: 1 | G67: X | H67: ='PAINEL DE CONTROLE'!$D$5 -> 13697 | K67: =J67-H67 -> -13697
C68: =VLOOKUP(D68,'[2]2-Saldos em Estoque'!$A$3:$F$37081,2,0) -> #REF! | D68: 6-99041174 | E68: =VLOOKUP(D68,'[2]2-Saldos em Estoque'!$A$3:$F$37081,3,0) -> #REF! | F68: 1 | G68: X | H68: ='PAINEL DE CONTROLE'!$D$5 -> 13697 | K68: =J68-H68 -> -13697
A69: V44 VÁLVULA DE CONTROLE DE ENTRADA DE VAPOR NO CIRCUITO DE ÁGUA QUENTE DO TROCADOR DE CALOR A PLACAS | B69: 849 | C69: =VLOOKUP(D69,'[2]2-Saldos em Estoque'!$A$3:$F$37081,2,0) -> #REF! | D69: 6-99041858 | E69: =VLOOKUP(D69,'[2]2-Saldos em Estoque'!$A$3:$F$37081,3,0) -> #REF! | F69: 1 | G69: 12000 | H69: ='PAINEL DE CONTROLE'!$D$5 -> 13697 | J69: =SUM(I69+G69) -> 12000 | K69: =J69-H69 -> -1697
B70: 850 | C70: =VLOOKUP(D70,'[2]2-Saldos em Estoque'!$A$3:$F$37081,2,0) -> #REF! | D70: 6-99041756 | E70: =VLOOKUP(D70,'[2]2-Saldos em Estoque'!$A$3:$F$37081,3,0) -> #REF! | F70: 1 | G70: 6000 | H70: ='PAINEL DE CONTROLE'!$D$5 -> 13697 | J70: =SUM(I70+G70) -> 6000 | K70: =J70-H70 -> -7697
A71: V44.2 VÁLVULA DE CONTROLE DE VAPOR DO SISTEMA DE INJEÇÃO DE VAPOR | C71: =VLOOKUP(D71,'[2]2-Saldos em Estoque'!$A$3:$F$37081,2,0) -> #REF! | D71: 6-99041037 | E71: =VLOOKUP(D71,'[2]2-Saldos em Estoque'!$A$3:$F$37081,3,0) -> #REF! | F71: 1 | G71: X | H71: ='PAINEL DE CONTROLE'!$D$5 -> 13697 | K71: =J71-H71 -> -13697
B72: 851 | C72: =VLOOKUP(D72,'[2]2-Saldos em Estoque'!$A$3:$F$37081,2,0) -> #REF! | D72: 6-99041035 | E72: =VLOOKUP(D72,'[2]2-Saldos em Estoque'!$A$3:$F$37081,3,0) -> #REF! | F72: 1 | G72: 6000 | H72: ='PAINEL DE CONTROLE'!$D$5 -> 13697 | K72: =J72-H72 -> -13697
B73: 852 | C73: =VLOOKUP(D73,'[2]2-Saldos em Estoque'!$A$3:$F$37081,2,0) -> #REF! | D73: 6-99041064 | E73: =VLOOKUP(D73,'[2]2-Saldos em Estoque'!$A$3:$F$37081,3,0) -> #REF! | F73: 1 | G73: 12000 | H73: ='PAINEL DE CONTROLE'!$D$5 -> 13697 | K73: =J73-H73 -> -13697
C74: =VLOOKUP(D74,'[2]2-Saldos em Estoque'!$A$3:$F$37081,2,0) -> #REF! | D74: 6-99041804 | E74: =VLOOKUP(D74,'[2]2-Saldos em Estoque'!$A$3:$F$37081,3,0) -> #REF! | F74: 1 | G74: X | H74: ='PAINEL DE CONTROLE'!$D$5 -> 13697 | K74: =J74-H74 -> -13697
C75: =VLOOKUP(D75,'[2]2-Saldos em Estoque'!$A$3:$F$37081,2,0) -> #REF! | D75: 6-99041806 | E75: =VLOOKUP(D75,'[2]2-Saldos em Estoque'!$A$3:$F$37081,3,0) -> #REF! | F75: 1 | G75: X | H75: ='PAINEL DE CONTROLE'!$D$5 -> 13697 | K75: =J75-H75 -> -13697
C76: =VLOOKUP(D76,'[2]2-Saldos em Estoque'!$A$3:$F$37081,2,0) -> #REF! | D76: 6-99041810 | E76: =VLOOKUP(D76,'[2]2-Saldos em Estoque'!$A$3:$F$37081,3,0) -> #REF! | F76: 1 | G76: X | H76: ='PAINEL DE CONTROLE'!$D$5 -> 13697 | K76: =J76-H76 -> -13697
A77: V47 VÁLVULA DE SEGURANÇA DE ÁGUA DO SISTEMA DE VÁCUO | C77: =VLOOKUP(D77,'[2]2-Saldos em Estoque'!$A$3:$F$37081,2,0) -> #REF! | D77: 6-99041402 | E77: =VLOOKUP(D77,'[2]2-Saldos em Estoque'!$A$3:$F$37081,3,0) -> #REF! | F77: 1 | G77: X | H77: ='PAINEL DE CONTROLE'!$D$5 -> 13697 | K77: =J77-H77 -> -13697
C78: =VLOOKUP(D78,'[2]2-Saldos em Estoque'!$A$3:$F$37081,2,0) -> #REF! | D78: 6-99041403 | E78: =VLOOKUP(D78,'[2]2-Saldos em Estoque'!$A$3:$F$37081,3,0) -> #REF! | F78: 1 | G78: X | H78: ='PAINEL DE CONTROLE'!$D$5 -> 13697 | K78: =J78-H78 -> -13697
A79: V50 VÁLVULA DE AGULHAS DE VAPOR PARA DO SISTEMA DE INJEÇÃO DE VAPOR PARA M5 | C79: =VLOOKUP(D79,'[2]2-Saldos em Estoque'!$A$3:$F$37081,2,0) -> #REF! | D79: 6-99041249 | E79: =VLOOKUP(D79,'[2]2-Saldos em Estoque'!$A$3:$F$37081,3,0) -> #REF! | F79: 1 | G79: X | H79: ='PAINEL DE CONTROLE'!$D$5 -> 13697 | K79: =J79-H79 -> -13697
A80: V51 VÁLVULA DE ENTRADA DE PRODUTO NO HOMOGEINIZADOR | B80: 853 | C80: =VLOOKUP(D80,'[2]2-Saldos em Estoque'!$A$3:$F$37081,2,0) -> #REF! | D80: 6-9611920008 | E80: =VLOOKUP(D80,'[2]2-Saldos em Estoque'!$A$3:$F$37081,3,0) -> #REF! | F80: 1 | G80: 6000 | H80: ='PAINEL DE CONTROLE'!$D$5 -> 13697 | J80: =SUM(I80+G80) -> 6000 | K80: =J80-H80 -> -7697
B81: 854 | C81: =VLOOKUP(D81,'[2]2-Saldos em Estoque'!$A$3:$F$37081,2,0) -> #REF! | D81: 6-9611920041 | E81: =VLOOKUP(D81,'[2]2-Saldos em Estoque'!$A$3:$F$37081,3,0) -> #REF! | F81: 1 | G81: 1000 | H81: ='PAINEL DE CONTROLE'!$D$5 -> 13697 | I81: 100800 | J81: =SUM(I81+G81) -> 101800 | K81: =J81-H81 -> 88103
A82: V54 VÁLVULA DE EXPANSÃO DE ENTRADA DE PRODUTO NO INJETOR DE VAPOR DO SISTEMA DE ALIMENTAÇÃO DE PRODUTO | C82: =VLOOKUP(D82,'[2]2-Saldos em Estoque'!$A$3:$F$37081,2,0) -> #REF! | D82: 6-3131703753 | E82: =VLOOKUP(D82,'[2]2-Saldos em Estoque'!$A$3:$F$37081,3,0) -> #REF! | F82: 1 | G82: X | H82: ='PAINEL DE CONTROLE'!$D$5 -> 13697 | I82: 100800 | J82: =SUM(I82+G82) -> #VALUE! | K82: =J82-H82 -> #VALUE!
C83: =VLOOKUP(D83,'[2]2-Saldos em Estoque'!$A$3:$F$37081,2,0) -> #REF! | D83: 6-9611920001 | E83: =VLOOKUP(D83,'[2]2-Saldos em Estoque'!$A$3:$F$37081,3,0) -> #REF! | F83: 2 | G83: X | H83: ='PAINEL DE CONTROLE'!$D$5 -> 13697 | I83: 100800 | J83: =SUM(I83+G83) -> #VALUE! | K83: =J83-H83 -> #VALUE!
A84: V58 VÁLVULA ESFERA DE RETORNO DE ÁGUA DE ARREFECIMENTO DO SISTEMA DE REFRIGERAÇÃO DO CONDENSADOR | B84: 855 | C84: =VLOOKUP(D84,'[2]2-Saldos em Estoque'!$A$3:$F$37081,2,0) -> #REF! | D84: 6-3180121902 | E84: =VLOOKUP(D84,'[2]2-Saldos em Estoque'!$A$3:$F$37081,3,0) -> #REF! | F84: 1 | G84: 1000 | H84: ='PAINEL DE CONTROLE'!$D$5 -> 13697 | K84: =J84-H84 -> -13697
B85: 856 | C85: =VLOOKUP(D85,'[2]2-Saldos em Estoque'!$A$3:$F$37081,2,0) -> #REF! | D85: 6-9611923010 | E85: =VLOOKUP(D85,'[2]2-Saldos em Estoque'!$A$3:$F$37081,3,0) -> #REF! | F85: 1 | G85: 6000 | H85: ='PAINEL DE CONTROLE'!$D$5 -> 13697 | K85: =J85-H85 -> -13697
A86: V59 VÁLVULA ESFERA DE VAPOR PARA O DRENO DO CIRCUITO DE ÁGUA QUENTE | B86: 857 | C86: =VLOOKUP(D86,'[2]2-Saldos em Estoque'!$A$3:$F$37081,2,0) -> #REF! | D86: 6-3180121906 | E86: =VLOOKUP(D86,'[2]2-Saldos em Estoque'!$A$3:$F$37081,3,0) -> #REF! | F86: 1 | G86: 3000 | H86: ='PAINEL DE CONTROLE'!$D$5 -> 13697 | K86: =J86-H86 -> -13697
B87: 858 | C87: =VLOOKUP(D87,'[2]2-Saldos em Estoque'!$A$3:$F$37081,2,0) -> #REF! | D87: 6-9611923010 | E87: =VLOOKUP(D87,'[2]2-Saldos em Estoque'!$A$3:$F$37081,3,0) -> #REF! | F87: 1 | G87: 6000 | H87: ='PAINEL DE CONTROLE'!$D$5 -> 13697 | K87: =J87-H87 -> -13697
A88: V61 VÁLVULA DE DESVIO DE ÁGUA PARA O TROCADOR DE CALOR A PLACAS | B88: 859 | C88: =VLOOKUP(D88,'[2]2-Saldos em Estoque'!$A$3:$F$37081,2,0) -> #REF! | D88: 6-9611920028 | E88: =VLOOKUP(D88,'[2]2-Saldos em Estoque'!$A$3:$F$37081,3,0) -> #REF! | F88: 1 | G88: 2000 | H88: ='PAINEL DE CONTROLE'!$D$5 -> 13697 | I88: 100800 | J88: =SUM(I88+G88) -> 102800 | K88: =J88-H88 -> 89103
B89: 860 | C89: =VLOOKUP(D89,'[2]2-Saldos em Estoque'!$A$3:$F$37081,2,0) -> #REF! | D89: 6-9611920111 | E89: =VLOOKUP(D89,'[2]2-Saldos em Estoque'!$A$3:$F$37081,3,0) -> #REF! | F89: 1 | G89: 3000 | H89: ='PAINEL DE CONTROLE'!$D$5 -> 13697 | J89: =SUM(I89+G89) -> 3000 | K89: =J89-H89 -> -10697
A90: V62 VÁLVULA DE CONTROLE DE RETORNO DE ÁGUA DE ARREFECIMENTO DO SISTEMA DE REFRIGERAÇÃO DO CONDENSADOR | B90: 861 | C90: =VLOOKUP(D90,'[2]2-Saldos em Estoque'!$A$3:$F$37081,2,0) -> #REF! | D90: 6-99041390 | E90: =VLOOKUP(D90,'[2]2-Saldos em Estoque'!$A$3:$F$37081,3,0) -> #REF! | F90: 1 | G90: 2000 | H90: ='PAINEL DE CONTROLE'!$D$5 -> 13697 | K90: =J90-H90 -> -13697
C91: =VLOOKUP(D91,'[2]2-Saldos em Estoque'!$A$3:$F$37081,2,0) -> #REF! | D91: 6-99041394 | E91: =VLOOKUP(D91,'[2]2-Saldos em Estoque'!$A$3:$F$37081,3,0) -> #REF! | F91: 1 | G91: X | H91: ='PAINEL DE CONTROLE'!$D$5 -> 13697 | K91: =J91-H91 -> -13697
C92: =VLOOKUP(D92,'[2]2-Saldos em Estoque'!$A$3:$F$37081,2,0) -> #REF! | D92: 6-99040902 | E92: =VLOOKUP(D92,'[2]2-Saldos em Estoque'!$A$3:$F$37081,3,0) -> #REF! | F92: 1 | G92: X | H92: ='PAINEL DE CONTROLE'!$D$5 -> 13697 | K92: =J92-H92 -> -13697
B93: 862 | C93: =VLOOKUP(D93,'[2]2-Saldos em Estoque'!$A$3:$F$37081,2,0) -> #REF! | D93: 90523-7216 | E93: =VLOOKUP(D93,'[2]2-Saldos em Estoque'!$A$3:$F$37081,3,0) -> #REF! | F93: 1 | G93: 6000 | H93: ='PAINEL DE CONTROLE'!$D$5 -> 13697 | K93: =J93-H93 -> -13697
C94: =VLOOKUP(D94,'[2]2-Saldos em Estoque'!$A$3:$F$37081,2,0) -> #REF! | D94: 6-99040901 | E94: =VLOOKUP(D94,'[2]2-Saldos em Estoque'!$A$3:$F$37081,3,0) -> #REF! | F94: 1 | G94: X | H94: ='PAINEL DE CONTROLE'!$D$5 -> 13697 | K94: =J94-H94 -> -13697
C95: =VLOOKUP(D95,'[2]2-Saldos em Estoque'!$A$3:$F$37081,2,0) -> #REF! | D95: 6-99041389 | E95: =VLOOKUP(D95,'[2]2-Saldos em Estoque'!$A$3:$F$37081,3,0) -> #REF! | F95: 1 | G95: X | H95: ='PAINEL DE CONTROLE'!$D$5 -> 13697 | K95: =J95-H95 -> -13697
A96: V63 VÁLVULA DE REGULAÇÃO DE ÁGUA DE ARREFECIMENTO DO CIRCUITO DE ÁGUA | C96: =VLOOKUP(D96,'[2]2-Saldos em Estoque'!$A$3:$F$37081,2,0) -> #REF! | D96: 6-99040902 | E96: =VLOOKUP(D96,'[2]2-Saldos em Estoque'!$A$3:$F$37081,3,0) -> #REF! | F96: 1 | G96: X | H96: ='PAINEL DE CONTROLE'!$D$5 -> 13697 | K96: =J96-H96 -> -13697
B97: 863 | C97: =VLOOKUP(D97,'[2]2-Saldos em Estoque'!$A$3:$F$37081,2,0) -> #REF! | D97: 6-99041383 | E97: =VLOOKUP(D97,'[2]2-Saldos em Estoque'!$A$3:$F$37081,3,0) -> #REF! | F97: 1 | G97: 6000 | H97: ='PAINEL DE CONTROLE'!$D$5 -> 13697 | K97: =J97-H97 -> -13697
B98: 864 | C98: =VLOOKUP(D98,'[2]2-Saldos em Estoque'!$A$3:$F$37081,2,0) -> #REF! | D98: 6-99041387 | E98: =VLOOKUP(D98,'[2]2-Saldos em Estoque'!$A$3:$F$37081,3,0) -> #REF! | F98: 1 | G98: 2000 | H98: ='PAINEL DE CONTROLE'!$D$5 -> 13697 | K98: =J98-H98 -> -13697
C99: =VLOOKUP(D99,'[2]2-Saldos em Estoque'!$A$3:$F$37081,2,0) -> #REF! | D99: 6-99041393 | E99: =VLOOKUP(D99,'[2]2-Saldos em Estoque'!$A$3:$F$37081,3,0) -> #REF! | F99: 1 | G99: X | H99: ='PAINEL DE CONTROLE'!$D$5 -> 13697 | K99: =J99-H99 -> -13697
C100: =VLOOKUP(D100,'[2]2-Saldos em Estoque'!$A$3:$F$37081,2,0) -> #REF! | D100: 6-99041899 | E100: =VLOOKUP(D100,'[2]2-Saldos em Estoque'!$A$3:$F$37081,3,0) -> #REF! | F100: 1 | G100: X | H100: ='PAINEL DE CONTROLE'!$D$5 -> 13697 | K100: =J100-H100 -> -13697
...

Sheet HOMOGEINIZADOR
A1: HOMOGEINIZADOR ALEX 30
A2: SISTEMA | B2: COD PROTHEUS | C2: COD TETRA | D2: DESCRIÇÃO | E2: U.M | F2: QT | G2: FRENQ. TROCA | H2: HOR. ATUAL | I2: ULT. TROCA | J2: PREVISÃO | K2: HORAS P/ MANT. | L2: DATA DE MANUTENÇÃO | M2: OBSERVAÇÃO | N2: MANUTENTOR | O2: DATA DE MANUTENÇÃO | P2: OBSERVAÇÃO | Q2: MANUTENTOR | R2: DATA DE MANUTENÇÃO | S2: OBSERVAÇÃO | T2: MANUTENTOR | U2: DATA DE MANUTENÇÃO | V2: OBSERVAÇÃO | W2: MANUTENTOR | X2: DATA DE MANUTENÇÃO | Y2: OBSERVAÇÃO | Z2: MANUTENTOR | AA2: DATA DE MANUTENÇÃO | AB2: OBSERVAÇÃO | AC2: MANUTENTOR | AD2: DATA DE MANUTENÇÃO | AE2: OBSERVAÇÃO | AF2: MANUTENTOR | AG2: DATA DE MANUTENÇÃO | AH2: OBSERVAÇÃO | AI2: MANUTENTOR | AJ2: DATA DE MANUTENÇÃO | AK2: OBSERVAÇÃO | AL2: MANUTENTOR | AM2: DATA DE MANUTENÇÃO | AN2: OBSERVAÇÃO | AO2: MANUTENTOR | AP2: DATA DE MANUTENÇÃO | AQ2: OBSERVAÇÃO | AR2: MANUTENTOR | AS2: DATA DE MANUTENÇÃO | AT2: OBSERVAÇÃO | AU2: MANUTENTOR | AV2: DATA DE MANUTENÇÃO | AW2: OBSERVAÇÃO | AX2: MANUTENTOR
A3: GAXETAS DOS PISTÕES - PROG: 11 CÓD BICOM - 0799-8016 SA PADRÃO - 243905 | B3: 06000001594 | C3: 6-4722273901 | D3: ANEL DE BORRACHA DO KIT VTIS | E3: PC | F3: 3 | G3: 500 | H3: ='PAINEL DE CONTROLE'!$D$6 -> 13742 | I3: 13680 | J3: =SUM(I3+G3) -> 14180 | K3: =SUM(J3-H3) -> 438 | L3: 45728
B4: 06000002113 | C4: 6-4722298801 | D4: VEDACAO DO KIT VTIS | E4: PC | F4: 3 | G4: 500 | H4: ='PAINEL DE CONTROLE'!$D$6 -> 13742 | I4: 13680 | J4: =SUM(I4+G4) -> 14180 | K4: =SUM(J4-H4) -> 438 | L4: 45728
B5: 06000012362 | C5: 6-4722141807 | D5: ANEL DA GUIA EM BORRACHA | E5: PC | F5: 6 | G5: 500 | H5: ='PAINEL DE CONTROLE'!$D$6 -> 13742 | I5: 13680 | J5: =SUM(I5+G5) -> 14180 | K5: =SUM(J5-H5) -> 438 | L5: 45728
B6: 06000001585 | C6: 6-4722093104 | D6: ANEL DE BORRACHA KIT VTIS E FLEX | E6: PC | F6: 3 | G6: 500 | H6: ='PAINEL DE CONTROLE'!$D$6 -> 13742 | I6: =$I$3 -> 13680 | J6: =SUM(I6+G6) -> 14180 | K6: =SUM(J6-H6) -> 438 | L6: 45728
B7: 06000003339 | C7: 6-4722529001 | D7: ANEL DE BORRACHA DO KIT VTIS | E7: PC | F7: 3 | G7: 500 | H7: ='PAINEL DE CONTROLE'!$D$6 -> 13742 | I7: =$I$3 -> 13680 | J7: =SUM(I7+G7) -> 14180 | K7: =SUM(J7-H7) -> 438 | L7: 45728
B8: 06000008662 | C8: 6-4723137046 | D8: ANEL DE VEDACAO DE BORRACHA | E8: PC | F8: 3 | G8: 500 | H8: ='PAINEL DE CONTROLE'!$D$6 -> 13742 | I8: =$I$3 -> 13680 | J8: =SUM(I8+G8) -> 14180 | K8: =SUM(J8-H8) -> 438 | L8: 45728
A9: BARREIRA DE VAPOR | B9: 06000001599 | C9: 6-4722528901 | D9: ANEL DE VEDACAO DE BORRACHA | E9: PC | F9: 6 | G9: 1500 | H9: ='PAINEL DE CONTROLE'!$D$6 -> 13742 | I9: 13680 | J9: =SUM(I9+G9) -> 15180 | K9: =SUM(J9-H9) -> 1438 | L9: 45728
A10: BLOCO DO MOTOR (CARTER) - PROG: 39 | B10: 06300000044 | D10: SHELL OMALA 220 | E10: BD | F10: 4 | G10: 1500 | H10: ='PAINEL DE CONTROLE'!$D$6 -> 13742 | I10: 13680 | J10: =SUM(I10+G10) -> 15180 | K10: =SUM(J10-H10) -> 1438 | L10: 45728
A11: CAIXA DE REDUÇÃO - PROG: 39 | B11: 06300000045 | D11: SHELL OMALA 320 | E11: L | F11: 20 | G11: 1500 | H11: ='PAINEL DE CONTROLE'!$D$6 -> 13742 | I11: =$I$10 -> 13680 | J11: =SUM(I11+G11) -> 15180 | K11: =SUM(J11-H11) -> 1438 | L11: 45728
A12: UNIDADE HIDRAULICA - PROG: 39 | B12: 06300000423 | D12: OLEO LUBRIFICANTE H1-0530 | E12: L | F12: 20 | G12: 1500 | H12: ='PAINEL DE CONTROLE'!$D$6 -> 13742 | I12: =$I$10 -> 13680 | J12: =SUM(I12+G12) -> 15180 | K12: =SUM(J12-H12) -> 1438 | L12: 45728
A13: PISTOES E BUCHAS DE ENCOSTO DE BRONZE - PROG: 97 | B13: 06000008643 | C13: 6-4722935303 | D13: PISTOES | E13: PC | F13: 3 | G13: 1500 | H13: ='PAINEL DE CONTROLE'!$D$6 -> 13742 | J13: =SUM(I13+G13) -> 1500 | K13: =SUM(J13-H13) -> -12242
B14: 06000003953 e 06000003210 | C14: 6-4722266201 | D14: BUCHAS ENCOSTO DE BRONZE | E14: PC | F14: 3 | G14: 1500 | H14: ='PAINEL DE CONTROLE'!$D$6 -> 13742 | I14: =I13 | J14: =SUM(I14+G14) -> 1500 | K14: =SUM(J14-H14) -> -12242
A15: BLOCO HOMOGENEIZADOR - PROG: 275 | B15: 6000013074 | C15: 6-4723137012 | D15: ORING | E15: PC | F15: 2 | G15: 3000 | H15: ='PAINEL DE CONTROLE'!$D$6 -> 13742 | J15: =SUM(I15+G15) -> 3000 | K15: =SUM(J15-H15) -> -10742
B16: 6000008757 | C16: 6-4723137015 | D16: ORING | E16: PC | F16: 5 | G16: 3000 | H16: ='PAINEL DE CONTROLE'!$D$6 -> 13742 | J16: =SUM(I16+G16) -> 3000 | K16: =SUM(J16-H16) -> -10742
B17: 6000001722 | C17: 6-4722715203 | D17: ANEL SUP | E17: PC | F17: 3 | G17: 3000 | H17: ='PAINEL DE CONTROLE'!$D$6 -> 13742 | J17: =SUM(I17+G17) -> 3000 | K17: =SUM(J17-H17) -> -10742
B18: 6000008919 | C18: 6-4723137035 | D18: ORING | E18: PC | F18: 2 | G18: 3000 | H18: ='PAINEL DE CONTROLE'!$D$6 -> 13742 | J18: =SUM(I18+G18) -> 3000 | K18: =SUM(J18-H18) -> -10742
B19: 6000010121 | C19: 6-4723137010 | D19: ORING | E19: PC | F19: 2 | G19: 3000 | H19: ='PAINEL DE CONTROLE'!$D$6 -> 13742 | J19: =SUM(I19+G19) -> 3000 | K19: =SUM(J19-H19) -> -10742
B20: 6000011685 | C20: 6-4723137006 | D20: ORING | E20: PC | F20: 2 | G20: 3000 | H20: ='PAINEL DE CONTROLE'!$D$6 -> 13742 | J20: =SUM(I20+G20) -> 3000 | K20: =SUM(J20-H20) -> -10742
B21: 6000001724 | C21: 6-4722715102 | D21: SUPORTE | E21: PC | F21: 2 | G21: 3000 | H21: ='PAINEL DE CONTROLE'!$D$6 -> 13742 | J21: =SUM(I21+G21) -> 3000 | K21: =SUM(J21-H21) -> -10742
B22: 6000001591 | C22: 6-4722141803 | D22: GUIA | E22: PC | F22: 4 | G22: 3000 | H22: ='PAINEL DE CONTROLE'!$D$6 -> 13742 | J22: =SUM(I22+G22) -> 3000 | K22: =SUM(J22-H22) -> -10742
B23: 6000009323 | C23: 6-4723137008 | D23: ORING | E23: PC | F23: 2 | G23: 3000 | H23: ='PAINEL DE CONTROLE'!$D$6 -> 13742 | J23: =SUM(I23+G23) -> 3000 | K23: =SUM(J23-H23) -> -10742
B24: 6000001717 | C24: 6-4306000007 | D24: GUIA | E24: PC | F24: 4 | G24: 3000 | H24: ='PAINEL DE CONTROLE'!$D$6 -> 13742 | J24: =SUM(I24+G24) -> 3000 | K24: =SUM(J24-H24) -> -10742
B25: 6000001606 | C25: 6-4722715302 | D25: SUPORTE | E25: PC | F25: 2 | G25: 3000 | H25: ='PAINEL DE CONTROLE'!$D$6 -> 13742 | J25: =SUM(I25+G25) -> 3000 | K25: =SUM(J25-H25) -> -10742
A26: TRAÇÃO DO HOMO | B26: 06000013836 | C26: 6-4723212308 | D26: CORREIA TRAPEZOIDAL XPC 3000 | E26: UN | F26: 4 | G26: 8000 | H26: ='PAINEL DE CONTROLE'!$D$6 -> 13742 | J26: =SUM(I26+G26) -> 8000 | K26: =SUM(J26-H26) -> -5742
B27: 06000003213 | C27: 6-4722198901 | D27: COIFA | E27: UN | F27: 3 | G27: 8000 | H27: ='PAINEL DE CONTROLE'!$D$6 -> 13742 | I27: =$I$26 | J27: =SUM(I27+G27) -> 8000 | K27: =SUM(J27-H27) -> -5742
B28: 06000017021 E 06000009668 | C28: 6-4723125106 | D28: ABRACADEIRA | E28: PC | F28: 3 | G28: 8000 | H28: ='PAINEL DE CONTROLE'!$D$6 -> 13742 | I28: =$I$26 | J28: =SUM(I28+G28) -> 8000 | K28: =SUM(J28-H28) -> -5742
A29: M6 MOTOR - PROG: 207 | B29: 06000018120 | C29: 90511-7186 | D29: ROLAMENTO 6313-C3 TRAZEIRO | E29: PC | F29: 1 | G29: 8000 | H29: ='PAINEL DE CONTROLE'!$D$6 -> 13742 | J29: =SUM(I29+G29) -> 8000 | K29: =SUM(J29-H29) -> -5742
B30: 06000018119 | C30: 90512-4023 | D30: ROLAMENTO 6319-C3 DIANTEIRO | E30: PC | F30: 1 | G30: 8000 | H30: ='PAINEL DE CONTROLE'!$D$6 -> 13742 | J30: =SUM(I30+G30) -> 8000 | K30: =SUM(J30-H30) -> -5742

Sheet A3FLEX 01
A1: TPA3/FLEX 01
A2: SISTEMA | B2: PROG | C2: COD PROTHEUS | D2: COD TETRA | E2: DESCRIÇÃO | F2: QT | G2: FRENQ. TROCA | H2: HOR. ATUAL | I2: ULT. TROCA | J2: PREVISÃO | K2: HORAS P/ MANT. | L2: DATA DE MANUTENÇÃO | M2: OBSERVAÇÃO | N2: MANUTENTOR | O2: DATA DE MANUTENÇÃO | P2: OBSERVAÇÃO | Q2: MANUTENTOR | R2: DATA DE MANUTENÇÃO | S2: OBSERVAÇÃO | T2: MANUTENTOR | U2: DATA DE MANUTENÇÃO | V2: OBSERVAÇÃO | W2: MANUTENTOR | X2: DATA DE MANUTENÇÃO | Y2: OBSERVAÇÃO | Z2: MANUTENTOR | AA2: DATA DE MANUTENÇÃO | AB2: OBSERVAÇÃO | AC2: MANUTENTOR | AD2: DATA DE MANUTENÇÃO | AE2: OBSERVAÇÃO | AF2: MANUTENTOR | AG2: DATA DE MANUTENÇÃO | AH2: OBSERVAÇÃO | AI2: MANUTENTOR | AJ2: DATA DE MANUTENÇÃO | AK2: OBSERVAÇÃO | AL2: MANUTENTOR | AM2: DATA DE MANUTENÇÃO | AN2: OBSERVAÇÃO | AO2: MANUTENTOR | AP2: DATA DE MANUTENÇÃO | AQ2: OBSERVAÇÃO | AR2: MANUTENTOR | AS2: DATA DE MANUTENÇÃO | AT2: OBSERVAÇÃO | AU2: MANUTENTOR | AV2: DATA DE MANUTENÇÃO | AW2: OBSERVAÇÃO | AX2: MANUTENTOR
A3: BOMBA DE PEROXIDO | C3: =VLOOKUP(D3,[1]Saldo!A2:B31275,2,0) -> #ERROR! | D3: 1255557-0000 | E3: JUNTA DE VEDACAO | F3: ='[1]PARAMETROS PREVENTIVA'!$D168 -> #REF! | G3: ='[1]PARAMETROS PREVENTIVA'!$E168 -> #REF! | H3: ='PAINEL DE CONTROLE'!$G$5 -> 28359 | I3: 24649 | J3: =I3+G3 -> #REF! | K3: =SUM(J3-H3) -> #REF!
C4: =VLOOKUP(D4,[1]Saldo!A3:B31276,2,0) -> #ERROR! | D4: 927422-0005 | E4: O-RING 36.2X3 SILICON | F4: ='[1]PARAMETROS PREVENTIVA'!$D169 -> #REF! | G4: ='[1]PARAMETROS PREVENTIVA'!$E169 -> #REF! | H4: ='PAINEL DE CONTROLE'!$G$5 -> 28359 | I4: 24649 | J4: =I4+G4 -> #REF! | K4: =SUM(J4-H4) -> #REF!
C5: =VLOOKUP(D5,[1]Saldo!A4:B31277,2,0) -> #ERROR! | D5: 927422-0006 | E5: O-RING 42.2X3 SILICON | F5: ='[1]PARAMETROS PREVENTIVA'!$D170 -> #REF! | G5: ='[1]PARAMETROS PREVENTIVA'!$E170 -> #REF! | H5: ='PAINEL DE CONTROLE'!$G$5 -> 28359 | I5: 24649 | J5: =I5+G5 -> #REF! | K5: =SUM(J5-H5) -> #REF!
C6: =VLOOKUP(D6,[1]Saldo!A5:B31278,2,0) -> #ERROR! | D6: 315229-0103 | E6: Square Ring, 23,1x30,1x3,7 | F6: ='[1]PARAMETROS PREVENTIVA'!$D171 -> #REF! | G6: ='[1]PARAMETROS PREVENTIVA'!$E171 -> #REF! | H6: ='PAINEL DE CONTROLE'!$G$5 -> 28359 | I6: 24649 | J6: =I6+G6 -> #REF! | K6: =SUM(J6-H6) -> #REF!
C7: =VLOOKUP(D7,[1]Saldo!A6:B31279,2,0) -> #ERROR! | D7: 315229-0104 | E7: Square Ring, 35,8x42,8x3,7 mm 1"1/2 FDA | F7: ='[1]PARAMETROS PREVENTIVA'!$D172 -> #REF! | G7: ='[1]PARAMETROS PREVENTIVA'!$E172 -> #REF! | H7: ='PAINEL DE CONTROLE'!$G$5 -> 28359 | I7: 24649 | J7: =I7+G7 -> #REF! | K7: =SUM(J7-H7) -> #REF!
C8: =VLOOKUP(D8,[1]Saldo!A7:B31280,2,0) -> #ERROR! | D8: 315229-0105 | E8: Square Ring, 48,5x55,5x3,7 mm 2" FDA | F8: ='[1]PARAMETROS PREVENTIVA'!$D173 -> #REF! | G8: ='[1]PARAMETROS PREVENTIVA'!$E173 -> #REF! | H8: ='PAINEL DE CONTROLE'!$G$5 -> 28359 | I8: 24649 | J8: =I8+G8 -> #REF! | K8: =SUM(J8-H8) -> #REF!
C9: =VLOOKUP(D9,[1]Saldo!A8:B31281,2,0) -> #ERROR! | D9: 315229-0107 | E9: Gaxeta 73,9x80,9x3,7 mm 2"1/2 FDA | F9: ='[1]PARAMETROS PREVENTIVA'!$D174 -> #REF! | G9: ='[1]PARAMETROS PREVENTIVA'!$E174 -> #REF! | H9: ='PAINEL DE CONTROLE'!$G$5 -> 28359 | I9: 24649 | J9: =I9+G9 -> #REF! | K9: =SUM(J9-H9) -> #REF!
C10: =VLOOKUP(D10,[1]Saldo!A9:B31282,2,0) -> #ERROR! | D10: 2734102-0000 | E10: Casquilho | F10: ='[1]PARAMETROS PREVENTIVA'!$D175 -> #REF! | G10: ='[1]PARAMETROS PREVENTIVA'!$E175 -> #REF! | H10: ='PAINEL DE CONTROLE'!$G$5 -> 28359 | I10: 24649 | J10: =I10+G10 -> #REF! | K10: =SUM(J10-H10) -> #REF!
C11: =VLOOKUP(D11,[1]Saldo!A10:B31283,2,0) -> #ERROR! | D11: 90458-0274 | E11: Disco para acoplamento | F11: ='[1]PARAMETROS PREVENTIVA'!$D176 -> #REF! | G11: ='[1]PARAMETROS PREVENTIVA'!$E176 -> #REF! | H11: ='PAINEL DE CONTROLE'!$G$5 -> 28359 | I11: 24649 | J11: =I11+G11 -> #REF! | K11: =SUM(J11-H11) -> #REF!
C12: =VLOOKUP(D12,[1]Saldo!A11:B31284,2,0) -> #ERROR! | D12: 90607-0389 | E12: Rolamento W 6203-2RS2/VT127 | F12: ='[1]PARAMETROS PREVENTIVA'!$D177 -> #REF! | G12: ='[1]PARAMETROS PREVENTIVA'!$E177 -> #REF! | H12: ='PAINEL DE CONTROLE'!$G$5 -> 28359 | I12: 24649 | J12: =I12+G12 -> #REF! | K12: =SUM(J12-H12) -> #REF!
C13: =VLOOKUP(D13,[1]Saldo!A12:B31285,2,0) -> #ERROR! | D13: 90091-0412 | E13: Seal Ring | F13: ='[1]PARAMETROS PREVENTIVA'!$D178 -> #REF! | G13: ='[1]PARAMETROS PREVENTIVA'!$E178 -> #REF! | H13: ='PAINEL DE CONTROLE'!$G$5 -> 28359 | I13: 24649 | J13: =I13+G13 -> #REF! | K13: =SUM(J13-H13) -> #REF!
A14: ROLAMENTOS DE ROLOS | C14: =VLOOKUP(D14,[1]Saldo!A13:B31286,2,0) -> #ERROR! | D14: 90458-1704 | E14: ROLAMENTO DE ESFERAS | F14: 7 | G14: 2000 | H14: ='PAINEL DE CONTROLE'!$G$5 -> 28359 | I14: 24649 | J14: =I14+G14 -> 26649 | K14: =SUM(J14-H14) -> -1710
C15: =VLOOKUP(D15,[1]Saldo!A14:B31287,2,0) -> #ERROR! | D15: 90214-0303 | E15: ANEL | F15: 7 | G15: 2000 | H15: ='PAINEL DE CONTROLE'!$G$5 -> 28359 | I15: 24649 | J15: =I15+G15 -> 26649 | K15: =SUM(J15-H15) -> -1710
C16: =VLOOKUP(D16,[1]Saldo!A15:B31288,2,0) -> #ERROR! | D16: 315753-0130 | E16: Anel de retenção DIN 472 47 SS | F16: 1 | G16: 3000 | H16: ='PAINEL DE CONTROLE'!$G$5 -> 28359 | I16: 24649 | J16: =I16+G16 -> 27649 | K16: =SUM(J16-H16) -> -710
C17: =VLOOKUP(D17,[1]Saldo!A16:B31289,2,0) -> #ERROR! | D17: 315753-0119 | E17: ANEL DE FR DIN 471 25 A2 | F17: 1 | G17: 3000 | H17: ='PAINEL DE CONTROLE'!$G$5 -> 28359 | I17: 24649 | J17: =I17+G17 -> 27649 | K17: =SUM(J17-H17) -> -710
C18: =VLOOKUP(D18,[1]Saldo!A17:B31290,2,0) -> #ERROR! | D18: 90608-5674 | E18: ROLAMENTO DE ESFERAS | F18: 1 | G18: 3000 | H18: ='PAINEL DE CONTROLE'!$G$5 -> 28359 | I18: 24649 | J18: =I18+G18 -> 27649 | K18: =SUM(J18-H18) -> -710
C19: =VLOOKUP(D19,[1]Saldo!A18:B31291,2,0) -> #ERROR! | D19: 90459-1650 | E19: ANEL VEDANTE | F19: 1 | G19: 3000 | H19: ='PAINEL DE CONTROLE'!$G$5 -> 28359 | I19: 24649 | J19: =I19+G19 -> 27649 | K19: =SUM(J19-H19) -> -710
C20: =VLOOKUP(D20,[1]Saldo!A19:B31292,2,0) -> #ERROR! | D20: 90600-6017 | E20: VEDANTE | F20: 2 | G20: 3000 | H20: ='PAINEL DE CONTROLE'!$G$5 -> 28359 | I20: 24649 | J20: =I20+G20 -> 27649 | K20: =SUM(J20-H20) -> -710
C21: =VLOOKUP(D21,[1]Saldo!A20:B31293,2,0) -> #ERROR! | D21: 90601-2426 | E21: Casquilho | F21: 2 | G21: 3000 | H21: ='PAINEL DE CONTROLE'!$G$5 -> 28359 | I21: 24649 | J21: =I21+G21 -> 27649 | K21: =SUM(J21-H21) -> -710
C22: =VLOOKUP(D22,[1]Saldo!A21:B31294,2,0) -> #ERROR! | D22: 90602-0271 | E22: VEDANTE | F22: 8 | G22: 3000 | H22: ='PAINEL DE CONTROLE'!$G$5 -> 28359 | I22: 24649 | J22: =I22+G22 -> 27649 | K22: =SUM(J22-H22) -> -710
C23: =VLOOKUP(D23,[1]Saldo!A22:B31295,2,0) -> #ERROR! | D23: 90606-6965 | E23: Rolamento | F23: 4 | G23: 3000 | H23: ='PAINEL DE CONTROLE'!$G$5 -> 28359 | I23: 24649 | J23: =I23+G23 -> 27649 | K23: =SUM(J23-H23) -> -710
C24: =VLOOKUP(D24,[1]Saldo!A23:B31296,2,0) -> #ERROR! | D24: 315205-0509 | E24: O-ring 10,78x2,62 mm | F24: 4 | G24: 3000 | H24: ='PAINEL DE CONTROLE'!$G$5 -> 28359 | I24: 24649 | J24: =I24+G24 -> 27649 | K24: =SUM(J24-H24) -> -710
C25: =VLOOKUP(D25,[1]Saldo!A24:B31297,2,0) -> #ERROR! | D25: 315205-0734 | E25: O-ring 47,29x2,62 mm | F25: 4 | G25: 3000 | H25: ='PAINEL DE CONTROLE'!$G$5 -> 28359 | I25: 24649 | J25: =I25+G25 -> 27649 | K25: =SUM(J25-H25) -> -710
A26: TRANSPORTADOR ALIMENTAÇÃO | C26: =VLOOKUP(D26,[1]Saldo!A25:B31298,2,0) -> #ERROR! | D26: 90091-0440 | E26: RETENTOR | F26: 3 | G26: 7000 | H26: ='PAINEL DE CONTROLE'!$G$5 -> 28359 | I26: 24649 | J26: =I26+G26 -> 31649 | K26: =SUM(J26-H26) -> 3290
C27: =VLOOKUP(D27,[1]Saldo!A26:B31299,2,0) -> #ERROR! | D27: 321309-0103 | E27: ROLAMENTO 6203 | F27: 6 | G27: 7000 | H27: ='PAINEL DE CONTROLE'!$G$5 -> 28359 | I27: 24649 | J27: =I27+G27 -> 31649 | K27: =SUM(J27-H27) -> 3290
C28: =VLOOKUP(D28,[1]Saldo!A27:B31300,2,0) -> #ERROR! | D28: 1498068-0000 | E28: ANEL VEDANTE | F28: 2 | G28: 7000 | H28: ='PAINEL DE CONTROLE'!$G$5 -> 28359 | I28: 24649 | J28: =I28+G28 -> 31649 | K28: =SUM(J28-H28) -> 3290
C29: =VLOOKUP(D29,[1]Saldo!A28:B31301,2,0) -> #ERROR! | D29: 321306-0105 | E29: ROLAMENTO 6005 | F29: 2 | G29: 7000 | H29: ='PAINEL DE CONTROLE'!$G$5 -> 28359 | I29: 24649 | J29: =I29+G29 -> 31649 | K29: =SUM(J29-H29) -> 3290
C30: =VLOOKUP(D30,[1]Saldo!A29:B31302,2,0) -> #ERROR! | D30: 90214-0219 | E30: ROLAMENTO DE ESFERAS | F30: 2 | G30: 7000 | H30: ='PAINEL DE CONTROLE'!$G$5 -> 28359 | I30: 24649 | J30: =I30+G30 -> 31649 | K30: =SUM(J30-H30) -> 3290
C31: =VLOOKUP(D31,[1]Saldo!A30:B31303,2,0) -> #ERROR! | D31: 90141-0019 | E31: ANEL DE RENTECAO DE ACO | F31: 2 | G31: 7000 | H31: ='PAINEL DE CONTROLE'!$G$5 -> 28359 | I31: 24649 | J31: =I31+G31 -> 31649 | K31: =SUM(J31-H31) -> 3290
C32: =VLOOKUP(D32,[1]Saldo!A31:B31304,2,0) -> #ERROR! | D32: 1144783-0000 | E32: CORREIA | F32: 1 | G32: 7000 | H32: ='PAINEL DE CONTROLE'!$G$5 -> 28359 | I32: 24649 | J32: =I32+G32 -> 31649 | K32: =SUM(J32-H32) -> 3290
C33: =VLOOKUP(D33,[1]Saldo!A32:B31305,2,0) -> #ERROR! | D33: 315751-0119 | E33: ANEL DE TRAVA DE ACO | F33: 2 | G33: 7000 | H33: ='PAINEL DE CONTROLE'!$G$5 -> 28359 | I33: 24649 | J33: =I33+G33 -> 31649 | K33: =SUM(J33-H33) -> 3290
C34: =VLOOKUP(D34,[1]Saldo!A33:B31306,2,0) -> #ERROR! | D34: 1144841-0000 | E34: CORREIA DE TRASMISSAO , DENTADA DE PLASTICO POLIURETANO REFORCADO COM MALHA DE ACO | F34: 1 | G34: 7000 | H34: ='PAINEL DE CONTROLE'!$G$5 -> 28359 | I34: 24649 | J34: =I34+G34 -> 31649 | K34: =SUM(J34-H34) -> 3290
C35: =VLOOKUP(D35,[1]Saldo!A34:B31307,2,0) -> #ERROR! | D35: 90091-0297 | E35: RETENTOR B+L UE 35 477 2 | F35: 2 | G35: 7000 | H35: ='PAINEL DE CONTROLE'!$G$5 -> 28359 | I35: 24649 | J35: =I35+G35 -> 31649 | K35: =SUM(J35-H35) -> 3290
A36: CALHA DE DESCARTE | C36: =VLOOKUP(D36,[1]Saldo!A35:B31308,2,0) -> #ERROR! | D36: 3015733-0000 | E36: Casquilho | F36: 2 | G36: 6000 | H36: ='PAINEL DE CONTROLE'!$G$5 -> 28359 | I36: 24649 | J36: =I36+G36 -> 30649 | K36: =SUM(J36-H36) -> 2290
C37: =VLOOKUP(D37,[1]Saldo!A36:B31309,2,0) -> #ERROR! | D37: 1478928-0000 | E37: CASQUILHO | F37: 4 | G37: 6000 | H37: ='PAINEL DE CONTROLE'!$G$5 -> 28359 | I37: 24649 | J37: =I37+G37 -> 30649 | K37: =SUM(J37-H37) -> 2290
C38: =VLOOKUP(D38,[1]Saldo!A37:B31310,2,0) -> #ERROR! | D38: 90235-0847 | E38: Flow controller | F38: 2 | G38: 6000 | H38: ='PAINEL DE CONTROLE'!$G$5 -> 28359 | I38: 24649 | J38: =I38+G38 -> 30649 | K38: =SUM(J38-H38) -> 2290
C39: =VLOOKUP(D39,[1]Saldo!A38:B31311,2,0) -> #ERROR! | D39: 3015731-0000 | E39: SUPORTE DE ACO | F39: 2 | G39: 12000 | H39: ='PAINEL DE CONTROLE'!$G$5 -> 28359 | I39: 24649 | J39: =I39+G39 -> 36649 | K39: =SUM(J39-H39) -> 8290
C40: =VLOOKUP(D40,[1]Saldo!A39:B31312,2,0) -> #ERROR! | D40: 3020023-0000 | E40: SUPORTE | F40: 2 | G40: 12000 | H40: ='PAINEL DE CONTROLE'!$G$5 -> 28359 | I40: 24649 | J40: =I40+G40 -> 36649 | K40: =SUM(J40-H40) -> 8290
A41: PULDOW DEVICE | C41: =VLOOKUP(D41,[1]Saldo!A40:B31313,2,0) -> #ERROR! | D41: 344226-0105 | E41: ROLAMENTO SKF6205-2RS | F41: 1 | G41: 5000 | H41: ='PAINEL DE CONTROLE'!$G$5 -> 28359 | I41: 24649 | J41: =I41+G41 -> 29649 | K41: =SUM(J41-H41) -> 1290
C42: =VLOOKUP(D42,[1]Saldo!A41:B31314,2,0) -> #ERROR! | D42: 90091-0297 | E42: ANEL VEDANTE | F42: 1 | G42: 5000 | H42: ='PAINEL DE CONTROLE'!$G$5 -> 28359 | I42: 24649 | J42: =I42+G42 -> 29649 | K42: =SUM(J42-H42) -> 1290
C43: =VLOOKUP(D43,[1]Saldo!A42:B31315,2,0) -> #ERROR! | D43: 90091-0299 | E43: ANEL VEDANTE | F43: 1 | G43: 5000 | H43: ='PAINEL DE CONTROLE'!$G$5 -> 28359 | I43: 24649 | J43: =I43+G43 -> 29649 | K43: =SUM(J43-H43) -> 1290
C44: =VLOOKUP(D44,[1]Saldo!A43:B31316,2,0) -> #ERROR! | D44: 1260944-0000 | E44: BUCHA DE MANCAL | F44: 2 | G44: 5000 | H44: ='PAINEL DE CONTROLE'!$G$5 -> 28359 | I44: 24649 | J44: =I44+G44 -> 29649 | K44: =SUM(J44-H44) -> 1290
C45: =VLOOKUP(D45,[1]Saldo!A44:B31317,2,0) -> #ERROR! | D45: 344224-0205 | E45: ROLAMENTO DE ESFERAS DE CARGA RADIAL | F45: 1 | G45: 5000 | H45: ='PAINEL DE CONTROLE'!$G$5 -> 28359 | I45: 24649 | J45: =I45+G45 -> 29649 | K45: =SUM(J45-H45) -> 1290
C46: =VLOOKUP(D46,[1]Saldo!A45:B31318,2,0) -> #ERROR! | D46: 90115-0181 | E46: TERMINAL ROTULAR | F46: 1 | G46: 5000 | H46: ='PAINEL DE CONTROLE'!$G$5 -> 28359 | I46: 24649 | J46: =I46+G46 -> 29649 | K46: =SUM(J46-H46) -> 1290
C47: =VLOOKUP(D47,[1]Saldo!A46:B31319,2,0) -> #ERROR! | D47: 90115-0182 | E47: TERMINAL ROTULAR | F47: 1 | G47: 5000 | H47: ='PAINEL DE CONTROLE'!$G$5 -> 28359 | I47: 24649 | J47: =I47+G47 -> 29649 | K47: =SUM(J47-H47) -> 1290
C48: =VLOOKUP(D48,[1]Saldo!A47:B31320,2,0) -> #ERROR! | D48: 90115-0139 | E48: TERMINAL ROTULAR | F48: 4 | G48: 5000 | H48: ='PAINEL DE CONTROLE'!$G$5 -> 28359 | I48: 24649 | J48: =I48+G48 -> 29649 | K48: =SUM(J48-H48) -> 1290
C49: =VLOOKUP(D49,[1]Saldo!A48:B31321,2,0) -> #ERROR! | D49: 90115-0180 | E49: TERMINAL DE ARTICULACAO | F49: 4 | G49: 5000 | H49: ='PAINEL DE CONTROLE'!$G$5 -> 28359 | I49: 24649 | J49: =I49+G49 -> 29649 | K49: =SUM(J49-H49) -> 1290
C50: =VLOOKUP(D50,[1]Saldo!A49:B31322,2,0) -> #ERROR! | D50: 1282708-0000 | E50: BUCHA DE MANCAL | F50: 8 | G50: 5000 | H50: ='PAINEL DE CONTROLE'!$G$5 -> 28359 | I50: 24649 | J50: =I50+G50 -> 29649 | K50: =SUM(J50-H50) -> 1290
C51: =VLOOKUP(D51,[1]Saldo!A50:B31323,2,0) -> #ERROR! | D51: 90134-0058 | E51: CONEXÃO | F51: 4 | G51: 5000 | H51: ='PAINEL DE CONTROLE'!$G$5 -> 28359 | I51: 24649 | J51: =I51+G51 -> 29649 | K51: =SUM(J51-H51) -> 1290
C52: =VLOOKUP(D52,[1]Saldo!A51:B31324,2,0) -> #ERROR! | D52: 351523-0217 | E52: ANEL DE VEDAÇÃO | F52: 1 | G52: 5000 | H52: ='PAINEL DE CONTROLE'!$G$5 -> 28359 | I52: 24649 | J52: =I52+G52 -> 29649 | K52: =SUM(J52-H52) -> 1290
C53: =VLOOKUP(D53,[1]Saldo!A52:B31325,2,0) -> #ERROR! | D53: 315202-0107 | E53: ANEL DE VEDACAO 9,1 X 1,6 MM | F53: 4 | G53: 5000 | H53: ='PAINEL DE CONTROLE'!$G$5 -> 28359 | I53: 24649 | J53: =I53+G53 -> 29649 | K53: =SUM(J53-H53) -> 1290
A54: DESCARREGADOR FFU | C54: =VLOOKUP(D54,[1]Saldo!A53:B31326,2,0) -> #ERROR! | D54: 90608-3876 | E54: Rolamento 17/40x12 | F54: 6 | G54: 5000 | H54: ='PAINEL DE CONTROLE'!$G$5 -> 28359 | I54: 24649 | J54: =I54+G54 -> 29649 | K54: =SUM(J54-H54) -> 1290
C55: =VLOOKUP(D55,[1]Saldo!A54:B31327,2,0) -> #ERROR! | D55: 2922973-0000 | E55: CORREIA | F55: 1 | G55: 5000 | H55: ='PAINEL DE CONTROLE'!$G$5 -> 28359 | I55: 24649 | J55: =I55+G55 -> 29649 | K55: =SUM(J55-H55) -> 1290
C56: =VLOOKUP(D56,[1]Saldo!A55:B31328,2,0) -> #ERROR! | D56: 90600-3595 | E56: ROLAMENTO | F56: 1 | G56: 10000 | H56: ='PAINEL DE CONTROLE'!$G$5 -> 28359 | I56: 24649 | J56: =I56+G56 -> 34649 | K56: =SUM(J56-H56) -> 6290
C57: =VLOOKUP(D57,[1]Saldo!A56:B31329,2,0) -> #ERROR! | D57: 2774953-0000 | E57: TRILHO | F57: 1 | G57: 10000 | H57: ='PAINEL DE CONTROLE'!$G$5 -> 28359 | I57: 24649 | J57: =I57+G57 -> 34649 | K57: =SUM(J57-H57) -> 6290
C58: =VLOOKUP(D58,[1]Saldo!A57:B31330,2,0) -> #ERROR! | D58: 1607020-0020 | E58: LUBRIFICANTE H1-600- 14 L | F58: 1 | G58: 12000 | H58: ='PAINEL DE CONTROLE'!$G$5 -> 28359 | I58: 24649 | J58: =I58+G58 -> 36649 | K58: =SUM(J58-H58) -> 8290
A59: ANÉIS DE FORMAÇÃO | B59: 41 | C59: 06000001156 | D59: 90240-0172 | E59: Bucha | F59: 48 | G59: 1000 | H59: ='PAINEL DE CONTROLE'!$G$5 -> 28359 | I59: 24649 | J59: =I59+G59 -> 25649 | K59: =SUM(J59-H59) -> -2710
B60: 41 | C60: 06000002969 | D60: 2033-0011 | E60: Arruela | F60: 48 | G60: 1000 | H60: ='PAINEL DE CONTROLE'!$G$5 -> 28359 | I60: 24649 | J60: =I60+G60 -> 25649 | K60: =SUM(J60-H60) -> -2710
B61: 41 | C61: 06000008689 | D61: 2715570-0000 | E61: ROLO | F61: 1 | G61: 1000 | H61: ='PAINEL DE CONTROLE'!$G$5 -> 28359 | I61: 24649 | J61: =I61+G61 -> 25649 | K61: =SUM(J61-H61) -> -2710
B62: 41 | C62: 06000011168 | D62: 3184873-0000 | E62: CONTRA-ROLO | F62: 1 | G62: 1000 | H62: ='PAINEL DE CONTROLE'!$G$5 -> 28359 | I62: 24649 | J62: =I62+G62 -> 25649 | K62: =SUM(J62-H62) -> -2710
A63: SIS. MANDIBULAS - UNID. DE FORMAÇÃO | B63: 41 | C63: 06000005409 | D63: 2774798-0000 | E63: Faca | F63: 2 | G63: 1000 | H63: ='PAINEL DE CONTROLE'!$G$5 -> 28359 | I63: 24649 | J63: =I63+G63 -> 25649 | K63: =SUM(J63-H63) -> -2710
C64: 06000016104 | D64: 3502020-0000 | E64: Indutor | F64: 2 | G64: 2000 | H64: ='PAINEL DE CONTROLE'!$G$5 -> 28359 | I64: 24649 | J64: =I64+G64 -> 26649 | K64: =SUM(J64-H64) -> -1710
B65: 41 | C65: 06000000708 | D65: 312145-0238 | E65: parafuso | F65: 8 | G65: 1000 | H65: ='PAINEL DE CONTROLE'!$G$5 -> 28359 | I65: 24649 | J65: =I65+G65 -> 25649 | K65: =SUM(J65-H65) -> -2710
A66: BANHEIRA DE PERÓXIDO | C66: =VLOOKUP(D66,[1]Saldo!A65:B31338,2,0) -> #ERROR! | D66: 3421134-0000 | E66: Bucha | F66: 2 | G66: 2000 | H66: ='PAINEL DE CONTROLE'!$G$5 -> 28359 | I66: 24649 | J66: =I66+G66 -> 26649 | K66: =SUM(J66-H66) -> -1710
C67: =VLOOKUP(D67,[1]Saldo!A66:B31339,2,0) -> #ERROR! | D67: 1528639-0000 | E67: Gaxeta | F67: 1 | G67: 2000 | H67: ='PAINEL DE CONTROLE'!$G$5 -> 28359 | I67: 24649 | J67: =I67+G67 -> 26649 | K67: =SUM(J67-H67) -> -1710
A68: PISTÃO DE ACIONAMENTO DA FACA | C68: =VLOOKUP(D68,[1]Saldo!A67:B31340,2,0) -> #ERROR! | D68: 315202-0705 | E68: Anel | F68: 4 | G68: 2000 | H68: ='PAINEL DE CONTROLE'!$G$5 -> 28359 | I68: 24649 | J68: =I68+G68 -> 26649 | K68: =SUM(J68-H68) -> -1710
C69: =VLOOKUP(D69,[1]Saldo!A68:B31341,2,0) -> #ERROR! | D69: 351523-0104 | E69: Anel | F69: 4 | G69: 2000 | H69: ='PAINEL DE CONTROLE'!$G$5 -> 28359 | I69: 24649 | J69: =I69+G69 -> 26649 | K69: =SUM(J69-H69) -> -1710
C70: =VLOOKUP(D70,[1]Saldo!A69:B31342,2,0) -> #ERROR! | D70: 90600-2016 | E70: Anel | F70: 4 | G70: 2000 | H70: ='PAINEL DE CONTROLE'!$G$5 -> 28359 | I70: 24649 | J70: =I70+G70 -> 26649 | K70: =SUM(J70-H70) -> -1710
C71: =VLOOKUP(D71,[1]Saldo!A70:B31343,2,0) -> #ERROR! | D71: 90600-2015 | E71: Anel | F71: 4 | G71: 2000 | H71: ='PAINEL DE CONTROLE'!$G$5 -> 28359 | I71: 24649 | J71: =I71+G71 -> 26649 | K71: =SUM(J71-H71) -> -1710
C72: =VLOOKUP(D72,[1]Saldo!A71:B31344,2,0) -> #ERROR! | D72: 90459-6026 | E72: Anel | F72: 4 | G72: 2000 | H72: ='PAINEL DE CONTROLE'!$G$5 -> 28359 | I72: 24649 | J72: =I72+G72 -> 26649 | K72: =SUM(J72-H72) -> -1710
C73: =VLOOKUP(D73,[1]Saldo!A72:B31345,2,0) -> #ERROR! | D73: 90459-6019 | E73: Anel | F73: 4 | G73: 2000 | H73: ='PAINEL DE CONTROLE'!$G$5 -> 28359 | I73: 24649 | J73: =I73+G73 -> 26649 | K73: =SUM(J73-H73) -> -1710
C74: =VLOOKUP(D74,[1]Saldo!A73:B31346,2,0) -> #ERROR! | D74: 90459-6023 | E74: Anel | F74: 4 | G74: 2000 | H74: ='PAINEL DE CONTROLE'!$G$5 -> 28359 | I74: 24649 | J74: =I74+G74 -> 26649 | K74: =SUM(J74-H74) -> -1710
C75: =VLOOKUP(D75,[1]Saldo!A74:B31347,2,0) -> #ERROR! | D75: 90600-2018 | E75: Cotentor | F75: 4 | G75: 2000 | H75: ='PAINEL DE CONTROLE'!$G$5 -> 28359 | I75: 24649 | J75: =I75+G75 -> 26649 | K75: =SUM(J75-H75) -> -1710
A76: REPARO DOS GANCHOS DE PRESSÃO | C76: =VLOOKUP(D76,[1]Saldo!A75:B31348,2,0) -> #ERROR! | D76: 315202-0105 | E76: O-ring | F76: 12 | G76: 2000 | H76: ='PAINEL DE CONTROLE'!$G$5 -> 28359 | I76: 24649 | J76: =I76+G76 -> 26649 | K76: =SUM(J76-H76) -> -1710
C77: =VLOOKUP(D77,[1]Saldo!A76:B31349,2,0) -> #ERROR! | D77: 1260328-0000 | E77: Mola | F77: 4 | G77: 2000 | H77: ='PAINEL DE CONTROLE'!$G$5 -> 28359 | I77: 24649 | J77: =I77+G77 -> 26649 | K77: =SUM(J77-H77) -> -1710
C78: =VLOOKUP(D78,[1]Saldo!A77:B31350,2,0) -> #ERROR! | D78: 90091-0368 | E78: Wear Ring | F78: 4 | G78: 2000 | H78: ='PAINEL DE CONTROLE'!$G$5 -> 28359 | I78: 24649 | J78: =I78+G78 -> 26649 | K78: =SUM(J78-H78) -> -1710
C79: =VLOOKUP(D79,[1]Saldo!A78:B31351,2,0) -> #ERROR! | D79: 90091-0428 | E79: Selo | F79: 4 | G79: 2000 | H79: ='PAINEL DE CONTROLE'!$G$5 -> 28359 | I79: 24649 | J79: =I79+G79 -> 26649 | K79: =SUM(J79-H79) -> -1710
C80: =VLOOKUP(D80,[1]Saldo!A79:B31352,2,0) -> #ERROR! | D80: 90091-0359 | E80: X-Selo | F80: 8 | G80: 2000 | H80: ='PAINEL DE CONTROLE'!$G$5 -> 28359 | I80: 24649 | J80: =I80+G80 -> 26649 | K80: =SUM(J80-H80) -> -1710
C81: =VLOOKUP(D81,[1]Saldo!A80:B31353,2,0) -> #ERROR! | D81: 90091-0360 | E81: Back-UP | F81: 8 | G81: 2000 | H81: ='PAINEL DE CONTROLE'!$G$5 -> 28359 | I81: 24649 | J81: =I81+G81 -> 26649 | K81: =SUM(J81-H81) -> -1710
C82: =VLOOKUP(D82,[1]Saldo!A81:B31354,2,0) -> #ERROR! | D82: 90091-0364 | E82: Rod Selo | F82: 4 | G82: 2000 | H82: ='PAINEL DE CONTROLE'!$G$5 -> 28359 | I82: 24649 | J82: =I82+G82 -> 26649 | K82: =SUM(J82-H82) -> -1710
C83: =VLOOKUP(D83,[1]Saldo!A82:B31355,2,0) -> #ERROR! | D83: 90091-0366 | E83: Wear Ring | F83: 4 | G83: 2000 | H83: ='PAINEL DE CONTROLE'!$G$5 -> 28359 | I83: 24649 | J83: =I83+G83 -> 26649 | K83: =SUM(J83-H83) -> -1710
C84: =VLOOKUP(D84,[1]Saldo!A83:B31356,2,0) -> #ERROR! | D84: 90091-0362 | E84: Scraper | F84: 4 | G84: 2000 | H84: ='PAINEL DE CONTROLE'!$G$5 -> 28359 | I84: 24649 | J84: =I84+G84 -> 26649 | K84: =SUM(J84-H84) -> -1710
C85: =VLOOKUP(D85,[1]Saldo!A84:B31357,2,0) -> #ERROR! | D85: 2547588-0000 | E85: Mola | F85: 2 | G85: 2000 | H85: ='PAINEL DE CONTROLE'!$G$5 -> 28359 | I85: 24649 | J85: =I85+G85 -> 26649 | K85: =SUM(J85-H85) -> -1710
C86: =VLOOKUP(D86,[1]Saldo!A85:B31358,2,0) -> #ERROR! | D86: 2530296-0000 | E86: Rolo | F86: 4 | G86: 2000 | H86: ='PAINEL DE CONTROLE'!$G$5 -> 28359 | I86: 24649 | J86: =I86+G86 -> 26649 | K86: =SUM(J86-H86) -> -1710
C87: =VLOOKUP(D87,[1]Saldo!A86:B31359,2,0) -> #ERROR! | D87: 2547589-0000 | E87: Mola | F87: 2 | G87: 2000 | H87: ='PAINEL DE CONTROLE'!$G$5 -> 28359 | I87: 24649 | J87: =I87+G87 -> 26649 | K87: =SUM(J87-H87) -> -1710
C88: =VLOOKUP(D88,[1]Saldo!A87:B31360,2,0) -> #ERROR! | D88: 1607000-0020 | E88: ÓLEO HIDRÁULICO H1-0500 | F88: 1 | G88: 2000 | H88: ='PAINEL DE CONTROLE'!$G$5 -> 28359 | I88: 24649 | J88: =I88+G88 -> 26649 | K88: =SUM(J88-H88) -> -1710
C89: =VLOOKUP(D89,[1]Saldo!A88:B31361,2,0) -> #ERROR! | D89: 90457-0042 | E89: FILTRO DE ÓLEO | F89: 1 | G89: 2000 | H89: ='PAINEL DE CONTROLE'!$G$5 -> 28359 | I89: 24649 | J89: =I89+G89 -> 26649 | K89: =SUM(J89-H89) -> -1710
A90: APLICADOR DE FITA | C90: =VLOOKUP(D90,[1]Saldo!A89:B31362,2,0) -> #ERROR! | D90: 2963237-0000 | E90: ROLO | F90: 2 | G90: 2000 | H90: ='PAINEL DE CONTROLE'!$G$5 -> 28359 | I90: 24649 | J90: =I90+G90 -> 26649 | K90: =SUM(J90-H90) -> -1710
C91: =VLOOKUP(D91,[1]Saldo!A90:B31363,2,0) -> #ERROR! | D91: 90600-7746 | E91: Bucha | F91: 2 | G91: 2000 | H91: ='PAINEL DE CONTROLE'!$G$5 -> 28359 | I91: 24649 | J91: =I91+G91 -> 26649 | K91: =SUM(J91-H91) -> -1710
A92: SISTEMA DE MANDIBULAS | C92: =VLOOKUP(D92,[1]Saldo!A91:B31364,2,0) -> #ERROR! | D92: 2960139-0000 | E92: BUCHA | F92: 8 | G92: 2000 | H92: ='PAINEL DE CONTROLE'!$G$5 -> 28359 | I92: 24649 | J92: =I92+G92 -> 26649 | K92: =SUM(J92-H92) -> -1710
C93: =VLOOKUP(D93,[1]Saldo!A92:B31365,2,0) -> #ERROR! | D93: 90600-2013 | E93: BUCHA | F93: 16 | G93: 2000 | H93: ='PAINEL DE CONTROLE'!$G$5 -> 28359 | I93: 24649 | J93: =I93+G93 -> 26649 | K93: =SUM(J93-H93) -> -1710
C94: =VLOOKUP(D94,[1]Saldo!A93:B31366,2,0) -> #ERROR! | D94: 1285003-0000 | E94: LINK | F94: 2 | G94: 2000 | H94: ='PAINEL DE CONTROLE'!$G$5 -> 28359 | I94: 24649 | J94: =I94+G94 -> 26649 | K94: =SUM(J94-H94) -> -1710
C95: =VLOOKUP(D95,[1]Saldo!A94:B31367,2,0) -> #ERROR! | D95: 1285006-0000 | E95: ESPACADOR | F95: 2 | G95: 2000 | H95: ='PAINEL DE CONTROLE'!$G$5 -> 28359 | I95: 24649 | J95: =I95+G95 -> 26649 | K95: =SUM(J95-H95) -> -1710
C96: =VLOOKUP(D96,[1]Saldo!A95:B31368,2,0) -> #ERROR! | D96: 90240-0180 | E96: BUCHA | F96: 4 | G96: 2000 | H96: ='PAINEL DE CONTROLE'!$G$5 -> 28359 | I96: 24649 | J96: =I96+G96 -> 26649 | K96: =SUM(J96-H96) -> -1710
C97: =VLOOKUP(D97,[1]Saldo!A96:B31369,2,0) -> #ERROR! | D97: 2837095-0000 | E97: EIXO | F97: 2 | G97: 4000 | H97: ='PAINEL DE CONTROLE'!$G$5 -> 28359 | I97: 24649 | J97: =I97+G97 -> 28649 | K97: =SUM(J97-H97) -> 290
C98: =VLOOKUP(D98,[1]Saldo!A97:B31370,2,0) -> #ERROR! | D98: 2774799-0000 | E98: BLOCO | F98: 4 | G98: 5000 | H98: ='PAINEL DE CONTROLE'!$G$5 -> 28359 | I98: 24649 | J98: =I98+G98 -> 29649 | K98: =SUM(J98-H98) -> 1290
C99: =VLOOKUP(D99,[1]Saldo!A98:B31371,2,0) -> #ERROR! | D99: 2773510-0000 | E99: EIXO | F99: 4 | G99: 6000 | H99: ='PAINEL DE CONTROLE'!$G$5 -> 28359 | I99: 24649 | J99: =I99+G99 -> 30649 | K99: =SUM(J99-H99) -> 2290
C100: =VLOOKUP(D100,[1]Saldo!A99:B31372,2,0) -> #ERROR! | D100: 3453559-0000 | E100: CAME | F100: 1 | G100: 6000 | H100: ='PAINEL DE CONTROLE'!$G$5 -> 28359 | I100: 24649 | J100: =I100+G100 -> 30649 | K100: =SUM(J100-H100) -> 2290
...

Sheet HELIX 01
A1: ACUMULADOR HELIX 30 01
A2: SISTEMA | B2: COD PROTHEUS | C2: COD TETRA | D2: DESCRIÇÃO | E2: QT | F2: FRENQ. TROCA | G2: HOR. ATUAL | H2: ULT. TROCA | I2: PREVISÃO | J2: HORAS P/ MANT. | K2: DATA DE MANUTENÇÃO | L2: OBSERVAÇÃO | M2: MANUTENTOR | N2: DATA DE MANUTENÇÃO | O2: OBSERVAÇÃO | P2: MANUTENTOR | Q2: DATA DE MANUTENÇÃO | R2: OBSERVAÇÃO | S2: MANUTENTOR | T2: DATA DE MANUTENÇÃO | U2: OBSERVAÇÃO | V2: MANUTENTOR | W2: DATA DE MANUTENÇÃO | X2: OBSERVAÇÃO | Y2: MANUTENTOR | Z2: DATA DE MANUTENÇÃO | AA2: OBSERVAÇÃO | AB2: MANUTENTOR | AC2: DATA DE MANUTENÇÃO | AD2: OBSERVAÇÃO | AE2: MANUTENTOR | AF2: DATA DE MANUTENÇÃO | AG2: OBSERVAÇÃO | AH2: MANUTENTOR | AI2: DATA DE MANUTENÇÃO | AJ2: OBSERVAÇÃO | AK2: MANUTENTOR | AL2: DATA DE MANUTENÇÃO | AM2: OBSERVAÇÃO | AN2: MANUTENTOR | AO2: DATA DE MANUTENÇÃO | AP2: OBSERVAÇÃO | AQ2: MANUTENTOR
A3: ARANHA E RODAS DO HELIX | B3: =VLOOKUP(C3,[1]Saldo!A2:B31275,2,0) -> #ERROR! | C3: 90606-3401 | D3: ESCOVA | E3: 4 | F3: 4000 | G3: ='PAINEL DE CONTROLE'!$G$6 -> 29646 | H3: 25839 | I3: =SUM(H3+F3) -> 29839 | J3: =SUM(I3-G3) -> 193
B4: =VLOOKUP(C4,[1]Saldo!A3:B31276,2,0) -> #ERROR! | C4: 90608-3877 | D4: ROLAMENTO W6204 | E4: 6 | F4: 6000 | G4: ='PAINEL DE CONTROLE'!$G$6 -> 29646 | H4: 25839 | I4: =SUM(H4+F4) -> 31839 | J4: =SUM(I4-G4) -> 2193
B5: =VLOOKUP(C5,[1]Saldo!A4:B31277,2,0) -> #ERROR! | C5: 3169909-0000 | D5: ANEL TRAVA | E5: 4 | F5: 6000 | G5: ='PAINEL DE CONTROLE'!$G$6 -> 29646 | H5: 25839 | I5: =SUM(H5+F5) -> 31839 | J5: =SUM(I5-G5) -> 2193
B6: =VLOOKUP(C6,[1]Saldo!A5:B31278,2,0) -> #ERROR! | C6: 90608-7154 | D6: ROLAMENTO W6001 | E6: 23 | F6: 6000 | G6: ='PAINEL DE CONTROLE'!$G$6 -> 29646 | H6: 25839 | I6: =SUM(H6+F6) -> 31839 | J6: =SUM(I6-G6) -> 2193
B7: =VLOOKUP(C7,[1]Saldo!A6:B31279,2,0) -> #ERROR! | C7: 2948868-0000 | D7: ROLAMENTO | E7: 4 | F7: 6000 | G7: ='PAINEL DE CONTROLE'!$G$6 -> 29646 | H7: 25839 | I7: =SUM(H7+F7) -> 31839 | J7: =SUM(I7-G7) -> 2193
B8: =VLOOKUP(C8,[1]Saldo!A7:B31280,2,0) -> #ERROR! | C8: 2727353-0000 | D8: CORREIA | E8: 1 | F8: 6000 | G8: ='PAINEL DE CONTROLE'!$G$6 -> 29646 | H8: 25839 | I8: =SUM(H8+F8) -> 31839 | J8: =SUM(I8-G8) -> 2193
B9: =VLOOKUP(C9,[1]Saldo!A8:B31281,2,0) -> #ERROR! | C9: 90603-2403 | D9: ROLAMENTO W6004 | E9: 6 | F9: 6000 | G9: ='PAINEL DE CONTROLE'!$G$6 -> 29646 | H9: 25839 | I9: =SUM(H9+F9) -> 31839 | J9: =SUM(I9-G9) -> 2193
B10: =VLOOKUP(C10,[1]Saldo!A9:B31282,2,0) -> #ERROR! | C10: 90608-3874 | D10: ROLAMENTO W608 | E10: 1 | F10: 6000 | G10: ='PAINEL DE CONTROLE'!$G$6 -> 29646 | H10: 25839 | I10: =SUM(H10+F10) -> 31839 | J10: =SUM(I10-G10) -> 2193
B11: =VLOOKUP(C11,[1]Saldo!A10:B31283,2,0) -> #ERROR! | C11: 2727356-0000 | D11: ROLAMENTO CATRACA | E11: 1 | F11: 6000 | G11: ='PAINEL DE CONTROLE'!$G$6 -> 29646 | H11: 25839 | I11: =SUM(H11+F11) -> 31839 | J11: =SUM(I11-G11) -> 2193
B12: =VLOOKUP(C12,[1]Saldo!A11:B31284,2,0) -> #ERROR! | C12: 2948958-0000 | D12: CORREIA | E12: 1 | F12: 6000 | G12: ='PAINEL DE CONTROLE'!$G$6 -> 29646 | H12: 25839 | I12: =SUM(H12+F12) -> 31839 | J12: =SUM(I12-G12) -> 2193
B13: =VLOOKUP(C13,[1]Saldo!A12:B31285,2,0) -> #ERROR! | C13: 2528297-0000 | D13: ANEL TRAVA INTERNO | E13: 5 | F13: 6000 | G13: ='PAINEL DE CONTROLE'!$G$6 -> 29646 | H13: 25839 | I13: =SUM(H13+F13) -> 31839 | J13: =SUM(I13-G13) -> 2193
B14: =VLOOKUP(C14,[1]Saldo!A13:B31286,2,0) -> #ERROR! | C14: 2727357-0000 | D14: RETENTOR | E14: 2 | F14: 6000 | G14: ='PAINEL DE CONTROLE'!$G$6 -> 29646 | H14: 25839 | I14: =SUM(H14+F14) -> 31839 | J14: =SUM(I14-G14) -> 2193
B15: =VLOOKUP(C15,[1]Saldo!A14:B31287,2,0) -> #ERROR! | C15: 2855235-0000 | D15: CORREIA | E15: 1 | F15: 6000 | G15: ='PAINEL DE CONTROLE'!$G$6 -> 29646 | H15: 25839 | I15: =SUM(H15+F15) -> 31839 | J15: =SUM(I15-G15) -> 2193
... B18: =VLOOKUP(C18,[1]Saldo!A17:B31290,2,0) -> #ERROR! | C18: 2727233-0000 | D18: ENGRENAGEM | E18: 3 | F18: 6000 | G18: ='PAINEL DE CONTROLE'!$G$6 -> 29646 | H18: 25839 | I18: =SUM(H18+F18) -> 31839 | J18: =SUM(I18-G18) -> 2193

Sheet CAPPER 01
A1: CAPPER 25
A2: SISTEMA | B2: COD PROTHEUS | C2: COD TETRA | D2: DESCRIÇÃO | E2: QT | F2: FREQ. TROCA | G2: HOR. ATUAL | H2: ULT. TROCA | I2: PREVISÃO | J2: HORAS P/ MANT. | K2: DATA DE MANUTENÇÃO | L2: OBSERVAÇÃO | M2: MANUTENTOR | N2: DATA DE MANUTENÇÃO | O2: OBSERVAÇÃO | P2: MANUTENTOR | Q2: DATA DE MANUTENÇÃO | R2: OBSERVAÇÃO | S2: MANUTENTOR | T2: DATA DE MANUTENÇÃO | U2: OBSERVAÇÃO | V2: MANUTENTOR | W2: DATA DE MANUTENÇÃO | X2: OBSERVAÇÃO | Y2: MANUTENTOR | Z2: DATA DE MANUTENÇÃO | AA2: OBSERVAÇÃO | AB2: MANUTENTOR | AC2: DATA DE MANUTENÇÃO | AD2: OBSERVAÇÃO | AE2: MANUTENTOR | AF2: DATA DE MANUTENÇÃO | AG2: OBSERVAÇÃO | AH2: MANUTENTOR | AI2: DATA DE MANUTENÇÃO | AJ2: OBSERVAÇÃO | AK2: MANUTENTOR | AL2: DATA DE MANUTENÇÃO | AM2: OBSERVAÇÃO | AN2: MANUTENTOR | AO2: DATA DE MANUTENÇÃO | AP2: OBSERVAÇÃO | AQ2: MANUTENTOR | AR2: DATA DE MANUTENÇÃO | AS2: OBSERVAÇÃO | AT2: MANUTENTOR
A3: UNIDADE APLICADORA DE TAMPA PROG: 33 | B3: 06000008972 | C3: 3399156-0000 | D3: CORREIA | E3: 2 | F3: 1000 | G3: ='PAINEL DE CONTROLE'!$G$7 -> 10727 | H3: 7100 | I3: =SUM(H3+F3) -> 8100 | J3: =SUM(I3-G3) -> -2627
B4: VIRAR CORREIA DO CAPPER | E4: X | F4: 500 | G4: ='PAINEL DE CONTROLE'!$G$7 -> 10727 | H4: 7100 | I4: =SUM(H4+F4) -> 7600 | J4: =SUM(I4-G4) -> -3127
A5: UNIDADE DE FREIO DE ENTRADA PROG. 30 (SPC 1-72 / 1-74 / 1-76) | B5: 06000000658 | C5: 315221-0145 | D5: RETENTOR | E5: 2 | F5: 2000 | G5: ='PAINEL DE CONTROLE'!$G$7 -> 10727 | H5: 7100 | I5: =SUM(H5+F5) -> 9100 | J5: =SUM(I5-G5) -> -1627
B6: 06000001414 | C6: 315753-0124 | D6: ANEL TRAVA | E6: 4 | F6: 2000 | G6: ='PAINEL DE CONTROLE'!$G$7 -> 10727 | H6: 7100 | I6: =SUM(H6+F6) -> 9100 | J6: =SUM(I6-G6) -> -1627
B7: 06000013318 | C7: 90608-7194 | D7: ROLAMENTO W6003 | E7: 10 | F7: 2000 | G7: ='PAINEL DE CONTROLE'!$G$7 -> 10727 | H7: 7100 | I7: =SUM(H7+F7) -> 9100 | J7: =SUM(I7-G7) -> -1627
B8: 06000004074 | C8: 315220-0130 | D8: RETENTOR | E8: 2 | F8: 2000 | G8: ='PAINEL DE CONTROLE'!$G$7 -> 10727 | H8: 7100 | I8: =SUM(H8+F8) -> 9100 | J8: =SUM(I8-G8) -> -1627
B9: 06000012080 | C9: 351523-0219 | D9: ANEL | E9: 4 | F9: 2000 | G9: ='PAINEL DE CONTROLE'!$G$7 -> 10727 | H9: 7100 | I9: =SUM(H9+F9) -> 9100 | J9: =SUM(I9-G9) -> -1627
B10: 06000003983 | C10: 315220-0172 | D10: RETENTOR | E10: 4 | F10: 2000 | G10: ='PAINEL DE CONTROLE'!$G$7 -> 10727 | H10: 7100 | I10: =SUM(H10+F10) -> 9100 | J10: =SUM(I10-G10) -> -1627
B11: 06000003047 | C11: 315221-0137 | D11: RETENTOR | E11: 8 | F11: 2000 | G11: ='PAINEL DE CONTROLE'!$G$7 -> 10727 | H11: 7100 | I11: =SUM(H11+F11) -> 9100 | J11: =SUM(I11-G11) -> -1627
C12: 351692-0015 | D12: CORREIA | E12: 4 | F12: 2000 | G12: ='PAINEL DE CONTROLE'!$G$7 -> 10727 | H12: 7100 | I12: =SUM(H12+F12) -> 9100 | J12: =SUM(I12-G12) -> -1627
C13: 533237-0000 | D13: CAVILHA EIXO | E13: 8 | F13: 2000 | G13: ='PAINEL DE CONTROLE'!$G$7 -> 10727 | H13: 7100 | I13: =SUM(H13+F13) -> 9100 | J13: =SUM(I13-G13) -> -1627
A14: UNIDADE DAS CORREIAS LATERAL PROG: 31 | B14: 06000011366 | C14: 90459-1819 | D14: CORREIA | E14: 2 | F14: 3000 | G14: ='PAINEL DE CONTROLE'!$G$7 -> 10727 | H14: 7100 | I14: =SUM(H14+F14) -> 10100 | J14: =SUM(I14-G14) -> -627
B15: 06000013368 | C15: 90603-3556 | D15: ROLAMENTO W 6202-2RS | E15: 8 | F15: 3000 | G15: ='PAINEL DE CONTROLE'!$G$7 -> 10727 | H15: 7100 | I15: =SUM(H15+F15) -> 10100 | J15: =SUM(I15-G15) -> -627
A16: UNIDADE APLICADORA DE TAMPA | C16: 90608-7174 | D16: ROLAMENTO W6002 | E16: 12 | F16: 4000 | G16: ='PAINEL DE CONTROLE'!$G$7 -> 10727 | H16: 7100 | I16: =SUM(H16+F16) -> 11100 | J16: =SUM(I16-G16) -> 373
C17: 3235244-0000 | D17: BUCHA | E17: 4 | F17: 4000 | G17: ='PAINEL DE CONTROLE'!$G$7 -> 10727 | H17: 7100 | I17: =SUM(H17+F17) -> 11100 | J17: =SUM(I17-G17) -> 373
C18: 3235246-0000 | D18: ANEL | E18: 2 | F18: 4000 | G18: ='PAINEL DE CONTROLE'!$G$7 -> 10727 | H18: 7100 | I18: =SUM(H18+F18) -> 11100 | J18: =SUM(I18-G18) -> 373
C19: 3238271-0000 | D19: BUCHA | E19: 2 | F19: 4000 | G19: ='PAINEL DE CONTROLE'!$G$7 -> 10727 | H19: 7100 | I19: =SUM(H19+F19) -> 11100 | J19: =SUM(I19-G19) -> 373
A20: UNIDADE DE FREIO DE ENTRADA PROG. ** | B20: 06000012792 | C20: 90606-8951 | D20: CORRENTE ACO INOX | E20: 1 | F20: 6000 | G20: ='PAINEL DE CONTROLE'!$G$7 -> 10727 | H20: 7100 | I20: =SUM(H20+F20) -> 13100 | J20: =SUM(I20-G20) -> 2373

Sheet CARD-32 01
A1: CARDBOARD PACKER 32 01
A2: SISTEMA | B2: COD PROTHEUS | C2: COD TETRA | D2: DESCRIÇÃO | E2: QT | F2: FRENQ. TROCA | G2: HOR. ATUAL | H2: ULT. TROCA | I2: PREVISÃO | J2: HORAS P/ MANT. | K2: DATA DE MANUTENÇÃO | L2: OBSERVAÇÃO | M2: MANUTENTOR | N2: DATA DE MANUTENÇÃO | O2: OBSERVAÇÃO | P2: MANUTENTOR | Q2: DATA DE MANUTENÇÃO | R2: OBSERVAÇÃO | S2: MANUTENTOR | T2: DATA DE MANUTENÇÃO | U2: OBSERVAÇÃO | V2: MANUTENTOR | W2: DATA DE MANUTENÇÃO | X2: OBSERVAÇÃO | Y2: MANUTENTOR | Z2: DATA DE MANUTENÇÃO | AA2: OBSERVAÇÃO | AB2: MANUTENTOR | AC2: DATA DE MANUTENÇÃO | AD2: OBSERVAÇÃO | AE2: MANUTENTOR | AF2: DATA DE MANUTENÇÃO | AG2: OBSERVAÇÃO | AH2: MANUTENTOR | AI2: DATA DE MANUTENÇÃO | AJ2: OBSERVAÇÃO | AK2: MANUTENTOR | AL2: DATA DE MANUTENÇÃO | AM2: OBSERVAÇÃO | AN2: MANUTENTOR | AO2: DATA DE MANUTENÇÃO | AP2: OBSERVAÇÃO | AQ2: MANUTENTOR | AR2: DATA DE MANUTENÇÃO | AS2: OBSERVAÇÃO | AT2: MANUTENTOR
A3: UNIDADE DE AIMENTAÇÃO - FREIO DE ENTRADA (SPC 1.5 1-4 / 1.5 1-1) | B3: =VLOOKUP(C3,[1]Saldo!A2:B31275,2,0) -> #ERROR! | C3: 90601-0786 | D3: CORREIA | E3: 4 | F3: 4000 | G3: ='PAINEL DE CONTROLE'!$G$8 -> 29012 | H3: 25198 | I3: =SUM(H3+F3) -> 29198 | J3: =SUM(I3-G3) -> 186
B4: =VLOOKUP(C4,[1]Saldo!A3:B31276,2,0) -> #ERROR! | C4: 06190000619 | D4: RETENTOR 30X40X7 | E4: 4 | F4: 2000 | G4: ='PAINEL DE CONTROLE'!$G$8 -> 29012 | H4: 25198 | I4: =SUM(H4+F4) -> 27198 | J4: =SUM(I4-G4) -> -1814
B5: =VLOOKUP(C5,[1]Saldo!A4:B31277,2,0) -> #ERROR! | C5: 315207-0714 | D5: ANEL | E5: 2 | F5: 2000 | G5: ='PAINEL DE CONTROLE'!$G$8 -> 29012 | H5: 25198 | I5: =SUM(H5+F5) -> 27198 | J5: =SUM(I5-G5) -> -1814
B6: =VLOOKUP(C6,[1]Saldo!A5:B31278,2,0) -> #ERROR! | C6: 344224-0203 | D6: ROLAMENTO W 6003-2RS | E6: 8 | F6: 2000 | G6: ='PAINEL DE CONTROLE'!$G$8 -> 29012 | H6: 25198 | I6: =SUM(H6+F6) -> 27198 | J6: =SUM(I6-G6) -> -1814
B7: =VLOOKUP(C7,[1]Saldo!A6:B31279,2,0) -> #ERROR! | C7: 344224-0204 | D7: ROLAMENTO W 6004-2RS | E7: 2 | F7: 2000 | G7: ='PAINEL DE CONTROLE'!$G$8 -> 29012 | H7: 25198 | I7: =SUM(H7+F7) -> 27198 | J7: =SUM(I7-G7) -> -1814
B8: =VLOOKUP(C8,[1]Saldo!A7:B31280,2,0) -> #ERROR! | C8: 90091-0418 | D8: ANEL V-RING | E8: 4 | F8: 2000 | G8: ='PAINEL DE CONTROLE'!$G$8 -> 29012 | H8: 25198 | I8: =SUM(H8+F8) -> 27198 | J8: =SUM(I8-G8) -> -1814
B9: =VLOOKUP(C9,[1]Saldo!A8:B31281,2,0) -> #ERROR! | C9: 90141-0017 | D9: ANEL | E9: 4 | F9: 2000 | G9: ='PAINEL DE CONTROLE'!$G$8 -> 29012 | H9: 25198 | I9: =SUM(H9+F9) -> 27198 | J9: =SUM(I9-G9) -> -1814
A10: FORMAÇÃO PADRÃO - EMPURRADOR DE AGRUPAMENTO (SPC 2.2 1-1) | B10: =VLOOKUP(C10,[1]Saldo!A9:B31282,2,0) -> #ERROR! | C10: 315751-0109 | D10: ='[1]PARAMETROS PREVENTIVA'!$C675 -> #REF! | E10: ='[1]PARAMETROS PREVENTIVA'!$D675 -> #REF! | F10: ='[1]PARAMETROS PREVENTIVA'!$E675 -> #REF! | G10: ='PAINEL DE CONTROLE'!$G$8 -> 29012 | H10: 25198 | I10: =SUM(H10+F10) -> #REF! | J10: =SUM(I10-G10) -> #REF!
B11: =VLOOKUP(C11,[1]Saldo!A10:B31283,2,0) -> #ERROR! | C11: 90240-0222 | D11: ='[1]PARAMETROS PREVENTIVA'!$C676 -> #REF! | E11: ='[1]PARAMETROS PREVENTIVA'!$D676 -> #REF! | F11: ='[1]PARAMETROS PREVENTIVA'!$E676 -> #REF! | G11: ='PAINEL DE CONTROLE'!$G$8 -> 29012 | H11: 25198 | I11: =SUM(H11+F11) -> #REF! | J11: =SUM(I11-G11) -> #REF!
B12: =VLOOKUP(C12,[1]Saldo!A11:B31284,2,0) -> #ERROR! | C12: 90603-2945 | D12: ='[1]PARAMETROS PREVENTIVA'!$C677 -> #REF! | E12: ='[1]PARAMETROS PREVENTIVA'!$D677 -> #REF! | F12: ='[1]PARAMETROS PREVENTIVA'!$E677 -> #REF! | G12: ='PAINEL DE CONTROLE'!$G$8 -> 29012 | H12: 25198 | I12: =SUM(H12+F12) -> #REF! | J12: =SUM(I12-G12) -> #REF!
A13: FORMAÇÃO PADRÃO - PLACA GUIA DE TRANSFERENCIA (SPC 2.2 4-1 / 2.2 8-1) | B13: =VLOOKUP(C13,[1]Saldo!A12:B31285,2,0) -> #ERROR! | C13: 321153-0140 | D13: ='[1]PARAMETROS PREVENTIVA'!$C678 -> #REF! | E13: ='[1]PARAMETROS PREVENTIVA'!$D678 -> #REF! | F13: ='[1]PARAMETROS PREVENTIVA'!$E678 -> #REF! | G13: ='PAINEL DE CONTROLE'!$G$8 -> 29012 | H13: 25198 | I13: =SUM(H13+F13) -> #REF! | J13: =SUM(I13-G13) -> #REF!
B14: =VLOOKUP(C14,[1]Saldo!A13:B31286,2,0) -> #ERROR! | C14: 3215909-0000 | D14: ='[1]PARAMETROS PREVENTIVA'!$C679 -> #REF! | E14: ='[1]PARAMETROS PREVENTIVA'!$D679 -> #REF! | F14: ='[1]PARAMETROS PREVENTIVA'!$E679 -> #REF! | G14: ='PAINEL DE CONTROLE'!$G$8 -> 29012 | H14: 25198 | I14: =SUM(H14+F14) -> #REF! | J14: =SUM(I14-G14) -> #REF!
B15: =VLOOKUP(C15,[1]Saldo!A14:B31287,2,0) -> #ERROR! | C15: 90335-0031 | D15: ='[1]PARAMETROS PREVENTIVA'!$C680 -> #REF! | E15: ='[1]PARAMETROS PREVENTIVA'!$D680 -> #REF! | F15: ='[1]PARAMETROS PREVENTIVA'!$E680 -> #REF! | G15: ='PAINEL DE CONTROLE'!$G$8 -> 29012 | H15: 25198 | I15: =SUM(H15+F15) -> #REF! | J15: =SUM(I15-G15) -> #REF!
A16: FORMAÇÃO PADRÃO - CORPO DE TRANSFERENCIA (SPC 2.2.10 5-2 / 2.2 15-2) | B16: =VLOOKUP(C16,[1]Saldo!A15:B31288,2,0) -> #ERROR! | C16: 2750061-0000 | D16: ='[1]PARAMETROS PREVENTIVA'!$C681 -> #REF! | E16: ='[1]PARAMETROS PREVENTIVA'!$D681 -> #REF! | F16: ='[1]PARAMETROS PREVENTIVA'!$E681 -> #REF! | G16: ='PAINEL DE CONTROLE'!$G$8 -> 29012 | H16: 25198 | I16: =SUM(H16+F16) -> #REF! | J16: =SUM(I16-G16) -> #REF!
B17: =VLOOKUP(C17,[1]Saldo!A16:B31289,2,0) -> #ERROR! | C17: 315751-0115 | D17: ='[1]PARAMETROS PREVENTIVA'!$C682 -> #REF! | E17: ='[1]PARAMETROS PREVENTIVA'!$D682 -> #REF! | F17: ='[1]PARAMETROS PREVENTIVA'!$E682 -> #REF! | G17: ='PAINEL DE CONTROLE'!$G$8 -> 29012 | H17: 25198 | I17: =SUM(H17+F17) -> #REF! | J17: =SUM(I17-G17) -> #REF!
B18: =VLOOKUP(C18,[1]Saldo!A17:B31290,2,0) -> #ERROR! | C18: 315751-0116 | D18: ='[1]PARAMETROS PREVENTIVA'!$C683 -> #REF! | E18: ='[1]PARAMETROS PREVENTIVA'!$D683 -> #REF! | F18: ='[1]PARAMETROS PREVENTIVA'!$E683 -> #REF! | G18: ='PAINEL DE CONTROLE'!$G$8 -> 29012 | H18: 25198 | I18: =SUM(H18+F18) -> #REF! | J18: =SUM(I18-G18) -> #REF!
B19: =VLOOKUP(C19,[1]Saldo!A18:B31291,2,0) -> #ERROR! | C19: 344226-0103 | D19: ='[1]PARAMETROS PREVENTIVA'!$C684 -> #REF! | E19: ='[1]PARAMETROS PREVENTIVA'!$D684 -> #REF! | F19: ='[1]PARAMETROS PREVENTIVA'!$E684 -> #REF! | G19: ='PAINEL DE CONTROLE'!$G$8 -> 29012 | H19: 25198 | I19: =SUM(H19+F19) -> #REF! | J19: =SUM(I19-G19) -> #REF!
B20: =VLOOKUP(C20,[1]Saldo!A19:B31292,2,0) -> #ERROR! | C20: 312155-0329 | D20: ='[1]PARAMETROS PREVENTIVA'!$C685 -> #REF! | E20: ='[1]PARAMETROS PREVENTIVA'!$D685 -> #REF! | F20: ='[1]PARAMETROS PREVENTIVA'!$E685 -> #REF! | G20: ='PAINEL DE CONTROLE'!$G$8 -> 29012 | H20: 25198 | I20: =SUM(H20+F20) -> #REF! | J20: =SUM(I20-G20) -> #REF!
B21: =VLOOKUP(C21,[1]Saldo!A20:B31293,2,0) -> #ERROR! | C21: 90459-0679 | D21: ='[1]PARAMETROS PREVENTIVA'!$C686 -> #REF! | E21: ='[1]PARAMETROS PREVENTIVA'!$D686 -> #REF! | F21: ='[1]PARAMETROS PREVENTIVA'!$E686 -> #REF! | G21: ='PAINEL DE CONTROLE'!$G$8 -> 29012 | H21: 25198 | I21: =SUM(H21+F21) -> #REF! | J21: =SUM(I21-G21) -> #REF!
B22: =VLOOKUP(C22,[1]Saldo!A21:B31294,2,0) -> #ERROR! | C22: 90603-4534 | D22: ='[1]PARAMETROS PREVENTIVA'!$C687 -> #REF! | E22: ='[1]PARAMETROS PREVENTIVA'!$D687 -> #REF! | F22: ='[1]PARAMETROS PREVENTIVA'!$E687 -> #REF! | G22: ='PAINEL DE CONTROLE'!$G$8 -> 29012 | H22: 25198 | I22: =SUM(H22+F22) -> #REF! | J22: =SUM(I22-G22) -> #REF!
A23: FORMAÇÃO PADRÃO - BRAÇO DE PARADA (SPC 2.2 4-3) | B23: =VLOOKUP(C23,[1]Saldo!A22:B31295,2,0) -> #ERROR! | C23: 90603-3541 | D23: ='[1]PARAMETROS PREVENTIVA'!$C688 -> #REF! | E23: ='[1]PARAMETROS PREVENTIVA'!$D688 -> #REF! | F23: ='[1]PARAMETROS PREVENTIVA'!$E688 -> #REF! | G23: ='PAINEL DE CONTROLE'!$G$8 -> 29012 | H23: 25198 | I23: =SUM(H23+F23) -> #REF! | J23: =SUM(I23-G23) -> #REF!
A24: AGRUPAMENTO - TRANSFERÊNCIA | B24: =VLOOKUP(C24,[1]Saldo!A23:B31296,2,0) -> #ERROR! | C24: 321141-0140 | D24: ='[1]PARAMETROS PREVENTIVA'!$C689 -> #REF! | E24: ='[1]PARAMETROS PREVENTIVA'!$D689 -> #REF! | F24: ='[1]PARAMETROS PREVENTIVA'!$E689 -> #REF! | G24: ='PAINEL DE CONTROLE'!$G$8 -> 29012 | H24: 25198 | I24: =SUM(H24+F24) -> #REF! | J24: =SUM(I24-G24) -> #REF!
B25: =VLOOKUP(C25,[1]Saldo!A24:B31297,2,0) -> #ERROR! | C25: 321161-0221 | D25: ='[1]PARAMETROS PREVENTIVA'!$C690 -> #REF! | E25: ='[1]PARAMETROS PREVENTIVA'!$D690 -> #REF! | F25: ='[1]PARAMETROS PREVENTIVA'!$E690 -> #REF! | G25: ='PAINEL DE CONTROLE'!$G$8 -> 29012 | H25: 25198 | I25: =SUM(H25+F25) -> #REF! | J25: =SUM(I25-G25) -> #REF!
B26: =VLOOKUP(C26,[1]Saldo!A25:B31298,2,0) -> #ERROR! | C26: 90347-0007 | D26: ='[1]PARAMETROS PREVENTIVA'!$C691 -> #REF! | E26: ='[1]PARAMETROS PREVENTIVA'!$D691 -> #REF! | F26: ='[1]PARAMETROS PREVENTIVA'!$E691 -> #REF! | G26: ='PAINEL DE CONTROLE'!$G$8 -> 29012 | H26: 25198 | I26: =SUM(H26+F26) -> #REF! | J26: =SUM(I26-G26) -> #REF!
B27: =VLOOKUP(C27,[1]Saldo!A26:B31299,2,0) -> #ERROR! | C27: 90608-9474 | D27: ='[1]PARAMETROS PREVENTIVA'!$C692 -> #REF! | E27: ='[1]PARAMETROS PREVENTIVA'!$D692 -> #REF! | F27: ='[1]PARAMETROS PREVENTIVA'!$E692 -> #REF! | G27: ='PAINEL DE CONTROLE'!$G$8 -> 29012 | H27: 25198 | I27: =SUM(H27+F27) -> #REF! | J27: =SUM(I27-G27) -> #REF!
B28: =VLOOKUP(C28,[1]Saldo!A27:B31300,2,0) -> #ERROR! | C28: 321161-0142 | D28: ='[1]PARAMETROS PREVENTIVA'!$C693 -> #REF! | E28: ='[1]PARAMETROS PREVENTIVA'!$D693 -> #REF! | F28: ='[1]PARAMETROS PREVENTIVA'!$E693 -> #REF! | G28: ='PAINEL DE CONTROLE'!$G$8 -> 29012 | H28: 25198 | I28: =SUM(H28+F28) -> #REF! | J28: =SUM(I28-G28) -> #REF!
B29: =VLOOKUP(C29,[1]Saldo!A28:B31301,2,0) -> #ERROR! | C29: 90607-5194 | D29: ='[1]PARAMETROS PREVENTIVA'!$C694 -> #REF! | E29: ='[1]PARAMETROS PREVENTIVA'!$D694 -> #REF! | F29: ='[1]PARAMETROS PREVENTIVA'!$E694 -> #REF! | G29: ='PAINEL DE CONTROLE'!$G$8 -> 29012 | H29: 25198 | I29: =SUM(H29+F29) -> #REF! | J29: =SUM(I29-G29) -> #REF!
B30: =VLOOKUP(C30,[1]Saldo!A29:B31302,2,0) -> #ERROR! | C30: 321153-0136 | D30: ='[1]PARAMETROS PREVENTIVA'!$C695 -> #REF! | E30: ='[1]PARAMETROS PREVENTIVA'!$D695 -> #REF! | F30: ='[1]PARAMETROS PREVENTIVA'!$E695 -> #REF! | G30: ='PAINEL DE CONTROLE'!$G$8 -> 29012 | H30: 25198 | I30: =SUM(H30+F30) -> #REF! | J30: =SUM(I30-G30) -> #REF!
B31: =VLOOKUP(C31,[1]Saldo!A30:B31303,2,0) -> #ERROR! | C31: 2771221-0000 | D31: ='[1]PARAMETROS PREVENTIVA'!$C696 -> #REF! | E31: ='[1]PARAMETROS PREVENTIVA'!$D696 -> #REF! | F31: ='[1]PARAMETROS PREVENTIVA'!$E696 -> #REF! | G31: ='PAINEL DE CONTROLE'!$G$8 -> 29012 | H31: 25198 | I31: =SUM(H31+F31) -> #REF! | J31: =SUM(I31-G31) -> #REF!
B32: =VLOOKUP(C32,[1]Saldo!A31:B31304,2,0) -> #ERROR! | C32: 2787843-0000 | D32: ='[1]PARAMETROS PREVENTIVA'!$C697 -> #REF! | E32: ='[1]PARAMETROS PREVENTIVA'!$D697 -> #REF! | F32: ='[1]PARAMETROS PREVENTIVA'!$E697 -> #REF! | G32: ='PAINEL DE CONTROLE'!$G$8 -> 29012 | H32: 25198 | I32: =SUM(H32+F32) -> #REF! | J32: =SUM(I32-G32) -> #REF!
B33: =VLOOKUP(C33,[1]Saldo!A32:B31305,2,0) -> #ERROR! | C33: 90240-0257 | D33: ='[1]PARAMETROS PREVENTIVA'!$C698 -> #REF! | E33: ='[1]PARAMETROS PREVENTIVA'!$D698 -> #REF! | F33: ='[1]PARAMETROS PREVENTIVA'!$E698 -> #REF! | G33: ='PAINEL DE CONTROLE'!$G$8 -> 29012 | H33: 25198 | I33: =SUM(H33+F33) -> #REF! | J33: =SUM(I33-G33) -> #REF!
A34: CADEIA DE ESTAÇÃO | B34: =VLOOKUP(C34,[1]Saldo!A33:B31306,2,0) -> #ERROR! | C34: 1065841-0000 | D34: ='[1]PARAMETROS PREVENTIVA'!$C699 -> #REF! | E34: ='[1]PARAMETROS PREVENTIVA'!$D699 -> #REF! | F34: ='[1]PARAMETROS PREVENTIVA'!$E699 -> #REF! | G34: ='PAINEL DE CONTROLE'!$G$8 -> 29012 | H34: 25198 | I34: =SUM(H34+F34) -> #REF! | J34: =SUM(I34-G34) -> #REF!
B35: =VLOOKUP(C35,[1]Saldo!A34:B31307,2,0) -> #ERROR! | C35: 315751-0116 | D35: ='[1]PARAMETROS PREVENTIVA'!$C700 -> #REF! | E35: ='[1]PARAMETROS PREVENTIVA'!$D700 -> #REF! | F35: ='[1]PARAMETROS PREVENTIVA'!$E700 -> #REF! | G35: ='PAINEL DE CONTROLE'!$G$8 -> 29012 | H35: 25198 | I35: =SUM(H35+F35) -> #REF! | J35: =SUM(I35-G35) -> #REF!
B36: =VLOOKUP(C36,[1]Saldo!A35:B31308,2,0) -> #ERROR! | C36: 90288-0317 | D36: ='[1]PARAMETROS PREVENTIVA'!$C701 -> #REF! | E36: ='[1]PARAMETROS PREVENTIVA'!$D701 -> #REF! | F36: ='[1]PARAMETROS PREVENTIVA'!$E701 -> #REF! | G36: ='PAINEL DE CONTROLE'!$G$8 -> 29012 | H36: 25198 | I36: =SUM(H36+F36) -> #REF! | J36: =SUM(I36-G36) -> #REF!
B37: =VLOOKUP(C37,[1]Saldo!A36:B31309,2,0) -> #ERROR! | C37: 90141-0020 | D37: ='[1]PARAMETROS PREVENTIVA'!$C702 -> #REF! | E37: ='[1]PARAMETROS PREVENTIVA'!$D702 -> #REF! | F37: ='[1]PARAMETROS PREVENTIVA'!$E702 -> #REF! | G37: ='PAINEL DE CONTROLE'!$G$8 -> 29012 | H37: 25198 | I37: =SUM(H37+F37) -> #REF! | J37: =SUM(I37-G37) -> #REF!
B38: =VLOOKUP(C38,[1]Saldo!A37:B31310,2,0) -> #ERROR! | C38: 315220-0204 | D38: ='[1]PARAMETROS PREVENTIVA'!$C703 -> #REF! | E38: ='[1]PARAMETROS PREVENTIVA'!$D703 -> #REF! | F38: ='[1]PARAMETROS PREVENTIVA'!$E703 -> #REF! | G38: ='PAINEL DE CONTROLE'!$G$8 -> 29012 | H38: 25198 | I38: =SUM(H38+F38) -> #REF! | J38: =SUM(I38-G38) -> #REF!
B39: =VLOOKUP(C39,[1]Saldo!A38:B31311,2,0) -> #ERROR! | C39: 315750-0129 | D39: ='[1]PARAMETROS PREVENTIVA'!$C704 -> #REF! | E39: ='[1]PARAMETROS PREVENTIVA'!$D704 -> #REF! | F39: ='[1]PARAMETROS PREVENTIVA'!$E704 -> #REF! | G39: ='PAINEL DE CONTROLE'!$G$8 -> 29012 | H39: 25198 | I39: =SUM(H39+F39) -> #REF! | J39: =SUM(I39-G39) -> #REF!
B40: =VLOOKUP(C40,[1]Saldo!A39:B31312,2,0) -> #ERROR! | C40: 344224-0209 | D40: ='[1]PARAMETROS PREVENTIVA'!$C705 -> #REF! | E40: ='[1]PARAMETROS PREVENTIVA'!$D705 -> #REF! | F40: ='[1]PARAMETROS PREVENTIVA'!$E705 -> #REF! | G40: ='PAINEL DE CONTROLE'!$G$8 -> 29012 | H40: 25198 | I40: =SUM(H40+F40) -> #REF! | J40: =SUM(I40-G40) -> #REF!
B41: =VLOOKUP(C41,[1]Saldo!A40:B31313,2,0) -> #ERROR! | C41: 344226-0105 | D41: ='[1]PARAMETROS PREVENTIVA'!$C706 -> #REF! | E41: ='[1]PARAMETROS PREVENTIVA'!$D706 -> #REF! | F41: ='[1]PARAMETROS PREVENTIVA'!$E706 -> #REF! | G41: ='PAINEL DE CONTROLE'!$G$8 -> 29012 | H41: 25198 | I41: =SUM(H41+F41) -> #REF! | J41: =SUM(I41-G41) -> #REF!
B42: =VLOOKUP(C42,[1]Saldo!A41:B31314,2,0) -> #ERROR! | C42: 318213-0080 | D42: ='[1]PARAMETROS PREVENTIVA'!$C707 -> #REF! | E42: ='[1]PARAMETROS PREVENTIVA'!$D707 -> #REF! | F42: ='[1]PARAMETROS PREVENTIVA'!$E707 -> #REF! | G42: ='PAINEL DE CONTROLE'!$G$8 -> 29012 | H42: 25198 | I42: =SUM(H42+F42) -> #REF! | J42: =SUM(I42-G42) -> #REF!
B43: =VLOOKUP(C43,[1]Saldo!A42:B31315,2,0) -> #ERROR! | C43: 90091-0200 | D43: ='[1]PARAMETROS PREVENTIVA'!$C708 -> #REF! | E43: ='[1]PARAMETROS PREVENTIVA'!$D708 -> #REF! | F43: ='[1]PARAMETROS PREVENTIVA'!$E708 -> #REF! | G43: ='PAINEL DE CONTROLE'!$G$8 -> 29012 | H43: 25198 | I43: =SUM(H43+F43) -> #REF! | J43: =SUM(I43-G43) -> #REF!
B44: =VLOOKUP(C44,[1]Saldo!A43:B31316,2,0) -> #ERROR! | C44: 90091-0304 | D44: ='[1]PARAMETROS PREVENTIVA'!$C709 -> #REF! | E44: ='[1]PARAMETROS PREVENTIVA'!$D709 -> #REF! | F44: ='[1]PARAMETROS PREVENTIVA'!$E709 -> #REF! | G44: ='PAINEL DE CONTROLE'!$G$8 -> 29012 | H44: 25198 | I44: =SUM(H44+F44) -> #REF! | J44: =SUM(I44-G44) -> #REF!
B45: =VLOOKUP(C45,[1]Saldo!A44:B31317,2,0) -> #ERROR! | C45: 315750-0119 | D45: ='[1]PARAMETROS PREVENTIVA'!$C710 -> #REF! | E45: ='[1]PARAMETROS PREVENTIVA'!$D710 -> #REF! | F45: ='[1]PARAMETROS PREVENTIVA'!$E710 -> #REF! | G45: ='PAINEL DE CONTROLE'!$G$8 -> 29012 | H45: 25198 | I45: =SUM(H45+F45) -> #REF! | J45: =SUM(I45-G45) -> #REF!
B46: =VLOOKUP(C46,[1]Saldo!A45:B31318,2,0) -> #ERROR! | C46: 90091-0322 | D46: ='[1]PARAMETROS PREVENTIVA'!$C711 -> #REF! | E46: ='[1]PARAMETROS PREVENTIVA'!$D711 -> #REF! | F46: ='[1]PARAMETROS PREVENTIVA'!$E711 -> #REF! | G46: ='PAINEL DE CONTROLE'!$G$8 -> 29012 | H46: 25198 | I46: =SUM(H46+F46) -> #REF! | J46: =SUM(I46-G46) -> #REF!
... B49: =VLOOKUP(C49,[1]Saldo!A48:B31321,2,0) -> #ERROR! | C49: 90288-0333 | D49: ='[1]PARAMETROS PREVENTIVA'!$C714 -> #REF! | E49: ='[1]PARAMETROS PREVENTIVA'!$D714 -> #REF! | F49: ='[1]PARAMETROS PREVENTIVA'!$E714 -> #REF! | G49: ='PAINEL DE CONTROLE'!$G$8 -> 29012 | H49: 25198 | I49: =SUM(H49+F49) -> #REF! | J49: =SUM(I49-G49) -> #REF!
A50: FORMAÇÃO BANDEJA - PRENSA DE FUNDO (SPC 3.3 10-1) | B50: =VLOOKUP(C50,[1]Saldo!A49:B31322,2,0) -> #ERROR! | C50: 321141-0104 | D50: ='[1]PARAMETROS PREVENTIVA'!$C715 -> #REF! | E50: ='[1]PARAMETROS PREVENTIVA'!$D715 -> #REF! | F50: ='[1]PARAMETROS PREVENTIVA'!$E715 -> #REF! | G50: ='PAINEL DE CONTROLE'!$G$8 -> 29012 | H50: 25198 | I50: =SUM(H50+F50) -> #REF! | J50: =SUM(I50-G50) -> #REF!
A51: FORMAÇÃO BANDEJA - SUPORTE DA BANDEJA (SPC 3.3 15-1) | B51: =VLOOKUP(C51,[1]Saldo!A50:B31323,2,0) -> #ERROR! | C51: 321141-0100 | D51: ='[1]PARAMETROS PREVENTIVA'!$C716 -> #REF! | E51: ='[1]PARAMETROS PREVENTIVA'!$D716 -> #REF! | F51: ='[1]PARAMETROS PREVENTIVA'!$E716 -> #REF! | G51: ='PAINEL DE CONTROLE'!$G$8 -> 29012 | H51: 25198 | I51: =SUM(H51+F51) -> #REF! | J51: =SUM(I51-G51) -> #REF!
B52: =VLOOKUP(C52,[1]Saldo!A51:B31324,2,0) -> #ERROR! | C52: 321141-0102 | D52: ='[1]PARAMETROS PREVENTIVA'!$C717 -> #REF! | E52: ='[1]PARAMETROS PREVENTIVA'!$D717 -> #REF! | F52: ='[1]PARAMETROS PREVENTIVA'!$E717 -> #REF! | G52: ='PAINEL DE CONTROLE'!$G$8 -> 29012 | H52: 25198 | I52: =SUM(H52+F52) -> #REF! | J52: =SUM(I52-G52) -> #REF!
B53: =VLOOKUP(C53,[1]Saldo!A52:B31325,2,0) -> #ERROR! | C53: 321141-0140 | D53: ='[1]PARAMETROS PREVENTIVA'!$C718 -> #REF! | E53: ='[1]PARAMETROS PREVENTIVA'!$D718 -> #REF! | F53: ='[1]PARAMETROS PREVENTIVA'!$E718 -> #REF! | G53: ='PAINEL DE CONTROLE'!$G$8 -> 29012 | H53: 25198 | I53: =SUM(H53+F53) -> #REF! | J53: =SUM(I53-G53) -> #REF!
A54: FORMAÇÃO BANDEJA - PARADA FINAL DA EMBALAGEM (SPC3.3 9-1) | B54: =VLOOKUP(C54,[1]Saldo!A53:B31326,2,0) -> #ERROR! | C54: 90240-0325 | D54: ='[1]PARAMETROS PREVENTIVA'!$C719 -> #REF! | E54: ='[1]PARAMETROS PREVENTIVA'!$D719 -> #REF! | F54: ='[1]PARAMETROS PREVENTIVA'!$E719 -> #REF! | G54: ='PAINEL DE CONTROLE'!$G$8 -> 29012 | H54: 25198 | I54: =SUM(H54+F54) -> #REF! | J54: =SUM(I54-G54) -> #REF!
B55: =VLOOKUP(C55,[1]Saldo!A54:B31327,2,0) -> #ERROR! | C55: 90459-3828 | D55: ='[1]PARAMETROS PREVENTIVA'!$C720 -> #REF! | E55: ='[1]PARAMETROS PREVENTIVA'!$D720 -> #REF! | F55: ='[1]PARAMETROS PREVENTIVA'!$E720 -> #REF! | G55: ='PAINEL DE CONTROLE'!$G$8 -> 29012 | H55: 25198 | I55: =SUM(H55+F55) -> #REF! | J55: =SUM(I55-G55) -> #REF!
A56: FORMAÇÃO BANDEJA - ESTAÇÃO DE DOBRAGEM (SPC 3.3 8-3) | B56: =VLOOKUP(C56,[1]Saldo!A55:B31328,2,0) -> #ERROR! | C56: 90240-0184 | D56: ='[1]PARAMETROS PREVENTIVA'!$C721 -> #REF! | E56: ='[1]PARAMETROS PREVENTIVA'!$D721 -> #REF! | F56: ='[1]PARAMETROS PREVENTIVA'!$E721 -> #REF! | G56: ='PAINEL DE CONTROLE'!$G$8 -> 29012 | H56: 25198 | I56: =SUM(H56+F56) -> #REF! | J56: =SUM(I56-G56) -> #REF!
A57: FORMAÇÃO BANDEJA - VENTOSA (SPC 3.4 2-1) | B57: =VLOOKUP(C57,[1]Saldo!A56:B31329,2,0) -> #ERROR! | C57: 1021166-0000 | D57: ='[1]PARAMETROS PREVENTIVA'!$C722 -> #REF! | E57: ='[1]PARAMETROS PREVENTIVA'!$D722 -> #REF! | F57: ='[1]PARAMETROS PREVENTIVA'!$E722 -> #REF! | G57: ='PAINEL DE CONTROLE'!$G$8 -> 29012 | H57: 25198 | I57: =SUM(H57+F57) -> #REF! | J57: =SUM(I57-G57) -> #REF!
B58: =VLOOKUP(C58,[1]Saldo!A57:B31330,2,0) -> #ERROR! | C58: 90604-6808 | D58: ='[1]PARAMETROS PREVENTIVA'!$C723 -> #REF! | E58: ='[1]PARAMETROS PREVENTIVA'!$D723 -> #REF! | F58: ='[1]PARAMETROS PREVENTIVA'!$E723 -> #REF! | G58: ='PAINEL DE CONTROLE'!$G$8 -> 29012 | H58: 25198 | I58: =SUM(H58+F58) -> #REF! | J58: =SUM(I58-G58) -> #REF!
A59: UNIDADE DO MAGAZINE - UNIDADE DE APOIO (SPC 4.4-1 / 4.5-1) | B59: =VLOOKUP(C59,[1]Saldo!A58:B31331,2,0) -> #ERROR! | C59: 315751-0116 | D59: ='[1]PARAMETROS PREVENTIVA'!$C724 -> #REF! | E59: 3 | F59: ='[1]PARAMETROS PREVENTIVA'!$E724 -> #REF! | G59: ='PAINEL DE CONTROLE'!$G$8 -> 29012 | H59: 25198 | I59: =SUM(H59+F59) -> #REF! | J59: =SUM(I59-G59) -> #REF!
B60: =VLOOKUP(C60,[1]Saldo!A59:B31332,2,0) -> #ERROR! | C60: 344224-0204 | D60: ='[1]PARAMETROS PREVENTIVA'!$C725 -> #REF! | E60: ='[1]PARAMETROS PREVENTIVA'!$D725 -> #REF! | F60: ='[1]PARAMETROS PREVENTIVA'!$E725 -> #REF! | G60: ='PAINEL DE CONTROLE'!$G$8 -> 29012 | H60: 25198 | I60: =SUM(H60+F60) -> #REF! | J60: =SUM(I60-G60) -> #REF!
B61: =VLOOKUP(C61,[1]Saldo!A60:B31333,2,0) -> #ERROR! | C61: 90141-0015 | D61: ='[1]PARAMETROS PREVENTIVA'!$C726 -> #REF! | E61: ='[1]PARAMETROS PREVENTIVA'!$D726 -> #REF! | F61: ='[1]PARAMETROS PREVENTIVA'!$E726 -> #REF! | G61: ='PAINEL DE CONTROLE'!$G$8 -> 29012 | H61: 25198 | I61: =SUM(H61+F61) -> #REF! | J61: =SUM(I61-G61) -> #REF!
B62: =VLOOKUP(C62,[1]Saldo!A61:B31334,2,0) -> #ERROR! | C62: 90348-0033 | D62: ='[1]PARAMETROS PREVENTIVA'!$C728 -> #REF! | E62: ='[1]PARAMETROS PREVENTIVA'!$D728 -> #REF! | F62: ='[1]PARAMETROS PREVENTIVA'!$E728 -> #REF! | G62: ='PAINEL DE CONTROLE'!$G$8 -> 29012 | H62: 25198 | I62: =SUM(H62+F62) -> #REF! | J62: =SUM(I62-G62) -> #REF!
B63: =VLOOKUP(C63,[1]Saldo!A62:B31335,2,0) -> #ERROR! | C63: 90605-5443 | D63: ='[1]PARAMETROS PREVENTIVA'!$C729 -> #REF! | E63: ='[1]PARAMETROS PREVENTIVA'!$D729 -> #REF! | F63: ='[1]PARAMETROS PREVENTIVA'!$E729 -> #REF! | G63: ='PAINEL DE CONTROLE'!$G$8 -> 29012 | H63: 25198 | I63: =SUM(H63+F63) -> #REF! | J63: =SUM(I63-G63) -> #REF!
A64: LUBRI. CENTRAL - SIST. DE LUBRI. DA FORMACAO PADRÃO (SPC 7.5-1 / 7.4-5) - (SPC 7.6-4) | B64: =VLOOKUP(C64,[1]Saldo!A63:B31336,2,0) -> #ERROR! | C64: 90092-0053 | D64: ='[1]PARAMETROS PREVENTIVA'!$C730 -> #REF! | E64: ='[1]PARAMETROS PREVENTIVA'!$D730 -> #REF! | F64: ='[1]PARAMETROS PREVENTIVA'!$E730 -> #REF! | G64: ='PAINEL DE CONTROLE'!$G$8 -> 29012 | H64: 25198 | I64: =SUM(H64+F64) -> #REF! | J64: =SUM(I64-G64) -> #REF!
A65: UNIDADE DE TRANSFERÊNCIA | B65: =VLOOKUP(C65,[1]Saldo!A64:B31337,2,0) -> #ERROR! | C65: 1021090-0000 | D65: ='[1]PARAMETROS PREVENTIVA'!$C731 -> #REF! | E65: ='[1]PARAMETROS PREVENTIVA'!$D731 -> #REF! | F65: ='[1]PARAMETROS PREVENTIVA'!$E731 -> #REF! | G65: ='PAINEL DE CONTROLE'!$G$8 -> 29012 | H65: 25198 | I65: =SUM(H65+F65) -> #REF! | J65: =SUM(I65-G65) -> #REF!
B66: =VLOOKUP(C66,[1]Saldo!A65:B31338,2,0) -> #ERROR! | C66: 1021091-0000 | D66: ='[1]PARAMETROS PREVENTIVA'!$C732 -> #REF! | E66: ='[1]PARAMETROS PREVENTIVA'!$D732 -> #REF! | F66: ='[1]PARAMETROS PREVENTIVA'!$E732 -> #REF! | G66: ='PAINEL DE CONTROLE'!$G$8 -> 29012 | H66: 25198 | I66: =SUM(H66+F66) -> #REF! | J66: =SUM(I66-G66) -> #REF!
B67: =VLOOKUP(C67,[1]Saldo!A66:B31339,2,0) -> #ERROR! | C67: 1466474-0000 | D67: ='[1]PARAMETROS PREVENTIVA'!$C733 -> #REF! | E67: ='[1]PARAMETROS PREVENTIVA'!$D733 -> #REF! | F67: ='[1]PARAMETROS PREVENTIVA'!$E733 -> #REF! | G67: ='PAINEL DE CONTROLE'!$G$8 -> 29012 | H67: 25198 | I67: =SUM(H67+F67) -> #REF! | J67: =SUM(I67-G67) -> #REF!
B68: =VLOOKUP(C68,[1]Saldo!A67:B31340,2,0) -> #ERROR! | C68: 1466543-0000 | D68: ='[1]PARAMETROS PREVENTIVA'!$C734 -> #REF! | E68: ='[1]PARAMETROS PREVENTIVA'!$D734 -> #REF! | F68: ='[1]PARAMETROS PREVENTIVA'!$E734 -> #REF! | G68: ='PAINEL DE CONTROLE'!$G$8 -> 29012 | H68: 25198 | I68: =SUM(H68+F68) -> #REF! | J68: =SUM(I68-G68) -> #REF!
B69: =VLOOKUP(C69,[1]Saldo!A68:B31341,2,0) -> #ERROR! | C69: 1466544-0000 | D69: ='[1]PARAMETROS PREVENTIVA'!$C735 -> #REF! | E69: ='[1]PARAMETROS PREVENTIVA'!$D735 -> #REF! | F69: ='[1]PARAMETROS PREVENTIVA'!$E735 -> #REF! | G69: ='PAINEL DE CONTROLE'!$G$8 -> 29012 | H69: 25198 | I69: =SUM(H69+F69) -> #REF! | J69: =SUM(I69-G69) -> #REF!
B70: =VLOOKUP(C70,[1]Saldo!A69:B31342,2,0) -> #ERROR! | C70: 3431652-0000 | D70: ='[1]PARAMETROS PREVENTIVA'!$C736 -> #REF! | E70: ='[1]PARAMETROS PREVENTIVA'!$D736 -> #REF! | F70: ='[1]PARAMETROS PREVENTIVA'!$E736 -> #REF! | G70: ='PAINEL DE CONTROLE'!$G$8 -> 29012 | H70: 25198 | I70: =SUM(H70+F70) -> #REF! | J70: =SUM(I70-G70) -> #REF!
B71: =VLOOKUP(C71,[1]Saldo!A70:B31343,2,0) -> #ERROR! | C71: 3431653-0000 | D71: ='[1]PARAMETROS PREVENTIVA'!$C737 -> #REF! | E71: ='[1]PARAMETROS PREVENTIVA'!$D737 -> #REF! | F71: ='[1]PARAMETROS PREVENTIVA'!$E737 -> #REF! | G71: ='PAINEL DE CONTROLE'!$G$8 -> 29012 | H71: 25198 | I71: =SUM(H71+F71) -> #REF! | J71: =SUM(I71-G71) -> #REF!

Sheet A3FLEX 02
A1: TPA3/FLEX 02
A2: SISTEMA | B2: PROG | C2: COD PROTHEUS | D2: COD TETRA | E2: DESCRIÇÃO | F2: QT | G2: FRENQ. TROCA | H2: HOR. ATUAL | I2: ULT. TROCA | J2: PREVISÃO | K2: HORAS P/ MANT. | L2: DATA DE MANUTENÇÃO | M2: OBSERVAÇÃO | N2: MANUTENTOR | O2: DATA DE MANUTENÇÃO | P2: OBSERVAÇÃO | Q2: MANUTENTOR | R2: DATA DE MANUTENÇÃO | S2: OBSERVAÇÃO | T2: MANUTENTOR | U2: DATA DE MANUTENÇÃO | V2: OBSERVAÇÃO | W2: MANUTENTOR | X2: DATA DE MANUTENÇÃO | Y2: OBSERVAÇÃO | Z2: MANUTENTOR | AA2: DATA DE MANUTENÇÃO | AB2: OBSERVAÇÃO | AC2: MANUTENTOR | AD2: DATA DE MANUTENÇÃO | AE2: OBSERVAÇÃO | AF2: MANUTENTOR | AG2: DATA DE MANUTENÇÃO | AH2: OBSERVAÇÃO | AI2: MANUTENTOR | AJ2: DATA DE MANUTENÇÃO | AK2: OBSERVAÇÃO | AL2: MANUTENTOR | AM2: DATA DE MANUTENÇÃO | AN2: OBSERVAÇÃO | AO2: MANUTENTOR | AP2: DATA DE MANUTENÇÃO | AQ2: OBSERVAÇÃO | AR2: MANUTENTOR | AS2: DATA DE MANUTENÇÃO | AT2: OBSERVAÇÃO | AU2: MANUTENTOR
A3: BOMBA DE PEROXIDO | C3: =VLOOKUP(D3,[1]Saldo!A2:B31275,2,0) -> #ERROR! | D3: 1255557-0000 | E3: JUNTA DE VEDACAO | F3: ='[1]PARAMETROS PREVENTIVA'!$D168 -> #REF! | G3: ='[1]PARAMETROS PREVENTIVA'!$E168 -> #REF! | H3: ='PAINEL DE CONTROLE'!$J$5 -> 6544 | I3: 0 | J3: =I3+G3 -> #REF! | K3: =SUM(J3-H3) -> #REF!
C4: =VLOOKUP(D4,[1]Saldo!A3:B31276,2,0) -> #ERROR! | D4: 927422-0005 | E4: O-RING 36.2X3 SILICON | F4: ='[1]PARAMETROS PREVENTIVA'!$D169 -> #REF! | G4: ='[1]PARAMETROS PREVENTIVA'!$E169 -> #REF! | H4: ='PAINEL DE CONTROLE'!$J$5 -> 6544 | I4: 0 | J4: =I4+G4 -> #REF! | K4: =SUM(J4-H4) -> #REF!
C5: =VLOOKUP(D5,[1]Saldo!A4:B31277,2,0) -> #ERROR! | D5: 927422-0006 | E5: O-RING 42.2X3 SILICON | F5: ='[1]PARAMETROS PREVENTIVA'!$D170 -> #REF! | G5: ='[1]PARAMETROS PREVENTIVA'!$E170 -> #REF! | H5: ='PAINEL DE CONTROLE'!$J$5 -> 6544 | I5: 0 | J5: =I5+G5 -> #REF! | K5: =SUM(J5-H5) -> #REF!
C6: =VLOOKUP(D6,[1]Saldo!A5:B31278,2,0) -> #ERROR! | D6: 315229-0103 | E6: Square Ring, 23,1x30,1x3,7 | F6: ='[1]PARAMETROS PREVENTIVA'!$D171 -> #REF! | G6: ='[1]PARAMETROS PREVENTIVA'!$E171 -> #REF! | H6: ='PAINEL DE CONTROLE'!$J$5 -> 6544 | I6: 0 | J6: =I6+G6 -> #REF! | K6: =SUM(J6-H6) -> #REF!
C7: =VLOOKUP(D7,[1]Saldo!A6:B31279,2,0) -> #ERROR! | D7: 315229-0104 | E7: Square Ring, 35,8x42,8x3,7 mm 1"1/2 FDA | F7: ='[1]PARAMETROS PREVENTIVA'!$D172 -> #REF! | G7: ='[1]PARAMETROS PREVENTIVA'!$E172 -> #REF! | H7: ='PAINEL DE CONTROLE'!$J$5 -> 6544 | I7: 0 | J7: =I7+G7 -> #REF! | K7: =SUM(J7-H7) -> #REF!
C8: =VLOOKUP(D8,[1]Saldo!A7:B31280,2,0) -> #ERROR! | D8: 315229-0105 | E8: Square Ring, 48,5x55,5x3,7 mm 2" FDA | F8: ='[1]PARAMETROS PREVENTIVA'!$D173 -> #REF! | G8: ='[1]PARAMETROS PREVENTIVA'!$E173 -> #REF! | H8: ='PAINEL DE CONTROLE'!$J$5 -> 6544 | I8: 0 | J8: =I8+G8 -> #REF! | K8: =SUM(J8-H8) -> #REF!
C9: =VLOOKUP(D9,[1]Saldo!A8:B31281,2,0) -> #ERROR! | D9: 315229-0107 | E9: Gaxeta 73,9x80,9x3,7 mm 2"1/2 FDA | F9: ='[1]PARAMETROS PREVENTIVA'!$D174 -> #REF! | G9: ='[1]PARAMETROS PREVENTIVA'!$E174 -> #REF! | H9: ='PAINEL DE CONTROLE'!$J$5 -> 6544 | I9: 0 | J9: =I9+G9 -> #REF! | K9: =SUM(J9-H9) -> #REF!
C10: =VLOOKUP(D10,[1]Saldo!A9:B31282,2,0) -> #ERROR! | D10: 2734102-0000 | E10: Casquilho | F10: ='[1]PARAMETROS PREVENTIVA'!$D175 -> #REF! | G10: ='[1]PARAMETROS PREVENTIVA'!$E175 -> #REF! | H10: ='PAINEL DE CONTROLE'!$J$5 -> 6544 | I10: 0 | J10: =I10+G10 -> #REF! | K10: =SUM(J10-H10) -> #REF!
C11: =VLOOKUP(D11,[1]Saldo!A10:B31283,2,0) -> #ERROR! | D11: 90458-0274 | E11: Disco para acoplamento | F11: ='[1]PARAMETROS PREVENTIVA'!$D176 -> #REF! | G11: ='[1]PARAMETROS PREVENTIVA'!$E176 -> #REF! | H11: ='PAINEL DE CONTROLE'!$J$5 -> 6544 | I11: 0 | J11: =I11+G11 -> #REF! | K11: =SUM(J11-H11) -> #REF!
C12: =VLOOKUP(D12,[1]Saldo!A11:B31284,2,0) -> #ERROR! | D12: 90607-0389 | E12: Rolamento W 6203-2RS2/VT127 | F12: ='[1]PARAMETROS PREVENTIVA'!$D177 -> #REF! | G12: ='[1]PARAMETROS PREVENTIVA'!$E177 -> #REF! | H12: ='PAINEL DE CONTROLE'!$J$5 -> 6544 | I12: 0 | J12: =I12+G12 -> #REF! | K12: =SUM(J12-H12) -> #REF!
C13: =VLOOKUP(D13,[1]Saldo!A12:B31285,2,0) -> #ERROR! | D13: 90091-0412 | E13: Seal Ring | F13: ='[1]PARAMETROS PREVENTIVA'!$D178 -> #REF! | G13: ='[1]PARAMETROS PREVENTIVA'!$E178 -> #REF! | H13: ='PAINEL DE CONTROLE'!$J$5 -> 6544 | I13: 0 | J13: =I13+G13 -> #REF! | K13: =SUM(J13-H13) -> #REF!
A14: ROLAMENTOS DE ROLOS | C14: =VLOOKUP(D14,[1]Saldo!A13:B31286,2,0) -> #ERROR! | D14: 90458-1704 | E14: ROLAMENTO DE ESFERAS | F14: 7 | G14: 2000 | H14: ='PAINEL DE CONTROLE'!$J$5 -> 6544 | I14: 0 | J14: =I14+G14 -> 2000 | K14: =SUM(J14-H14) -> -4544
C15: =VLOOKUP(D15,[1]Saldo!A14:B31287,2,0) -> #ERROR! | D15: 90214-0303 | E15: ANEL | F15: 7 | G15: 2000 | H15: ='PAINEL DE CONTROLE'!$J$5 -> 6544 | I15: 0 | J15: =I15+G15 -> 2000 | K15: =SUM(J15-H15) -> -4544
C16: =VLOOKUP(D16,[1]Saldo!A15:B31288,2,0) -> #ERROR! | D16: 315753-0130 | E16: Anel de retenção DIN 472 47 SS | F16: 1 | G16: 3000 | H16: ='PAINEL DE CONTROLE'!$J$5 -> 6544 | I16: 0 | J16: =I16+G16 -> 3000 | K16: =SUM(J16-H16) -> -3544
C17: =VLOOKUP(D17,[1]Saldo!A16:B31289,2,0) -> #ERROR! | D17: 315753-0119 | E17: ANEL DE FR DIN 471 25 A2 | F17: 1 | G17: 3000 | H17: ='PAINEL DE CONTROLE'!$J$5 -> 6544 | I17: 0 | J17: =I17+G17 -> 3000 | K17: =SUM(J17-H17) -> -3544
C18: =VLOOKUP(D18,[1]Saldo!A17:B31290,2,0) -> #ERROR! | D18: 90608-5674 | E18: ROLAMENTO DE ESFERAS | F18: 1 | G18: 3000 | H18: ='PAINEL DE CONTROLE'!$J$5 -> 6544 | I18: 0 | J18: =I18+G18 -> 3000 | K18: =SUM(J18-H18) -> -3544
C19: =VLOOKUP(D19,[1]Saldo!A18:B31291,2,0) -> #ERROR! | D19: 90459-1650 | E19: ANEL VEDANTE | F19: 1 | G19: 3000 | H19: ='PAINEL DE CONTROLE'!$J$5 -> 6544 | I19: 0 | J19: =I19+G19 -> 3000 | K19: =SUM(J19-H19) -> -3544
C20: =VLOOKUP(D20,[1]Saldo!A19:B31292,2,0) -> #ERROR! | D20: 90600-6017 | E20: VEDANTE | F20: 2 | G20: 3000 | H20: ='PAINEL DE CONTROLE'!$J$5 -> 6544 | I20: 0 | J20: =I20+G20 -> 3000 | K20: =SUM(J20-H20) -> -3544
C21: =VLOOKUP(D21,[1]Saldo!A20:B31293,2,0) -> #ERROR! | D21: 90601-2426 | E21: Casquilho | F21: 2 | G21: 3000 | H21: ='PAINEL DE CONTROLE'!$J$5 -> 6544 | I21: 0 | J21: =I21+G21 -> 3000 | K21: =SUM(J21-H21) -> -3544
C22: =VLOOKUP(D22,[1]Saldo!A21:B31294,2,0) -> #ERROR! | D22: 90602-0271 | E22: VEDANTE | F22: 8 | G22: 3000 | H22: ='PAINEL DE CONTROLE'!$J$5 -> 6544 | I22: 0 | J22: =I22+G22 -> 3000 | K22: =SUM(J22-H22) -> -3544
C23: =VLOOKUP(D23,[1]Saldo!A22:B31295,2,0) -> #ERROR! | D23: 90606-6965 | E23: Rolamento | F23: 4 | G23: 3000 | H23: ='PAINEL DE CONTROLE'!$J$5 -> 6544 | I23: 0 | J23: =I23+G23 -> 3000 | K23: =SUM(J23-H23) -> -3544
C24: =VLOOKUP(D24,[1]Saldo!A23:B31296,2,0) -> #ERROR! | D24: 315205-0509 | E24: O-ring 10,78x2,62 mm | F24: 4 | G24: 3000 | H24: ='PAINEL DE CONTROLE'!$J$5 -> 6544 | I24: 0 | J24: =I24+G24 -> 3000 | K24: =SUM(J24-H24) -> -3544
C25: =VLOOKUP(D25,[1]Saldo!A24:B31297,2,0) -> #ERROR! | D25: 315205-0734 | E25: O-ring 47,29x2,62 mm | F25: 4 | G25: 3000 | H25: ='PAINEL DE CONTROLE'!$J$5 -> 6544 | I25: 0 | J25: =I25+G25 -> 3000 | K25: =SUM(J25-H25) -> -3544
A26: TRANSPORTADOR ALIMENTAÇÃO | C26: =VLOOKUP(D26,[1]Saldo!A25:B31298,2,0) -> #ERROR! | D26: 90091-0440 | E26: RETENTOR | F26: 3 | G26: 7000 | H26: ='PAINEL DE CONTROLE'!$J$5 -> 6544 | I26: 0 | J26: =I26+G26 -> 7000 | K26: =SUM(J26-H26) -> 456
C27: =VLOOKUP(D27,[1]Saldo!A26:B31299,2,0) -> #ERROR! | D27: 321309-0103 | E27: ROLAMENTO 6203 | F27: 6 | G27: 7000 | H27: ='PAINEL DE CONTROLE'!$J$5 -> 6544 | I27: 0 | J27: =I27+G27 -> 7000 | K27: =SUM(J27-H27) -> 456
C28: =VLOOKUP(D28,[1]Saldo!A27:B31300,2,0) -> #ERROR! | D28: 1498068-0000 | E28: ANEL VEDANTE | F28: 2 | G28: 7000 | H28: ='PAINEL DE CONTROLE'!$J$5 -> 6544 | I28: 0 | J28: =I28+G28 -> 7000 | K28: =SUM(J28-H28) -> 456
C29: =VLOOKUP(D29,[1]Saldo!A28:B31301,2,0) -> #ERROR! | D29: 321306-0105 | E29: ROLAMENTO 6005 | F29: 2 | G29: 7000 | H29: ='PAINEL DE CONTROLE'!$J$5 -> 6544 | I29: 0 | J29: =I29+G29 -> 7000 | K29: =SUM(J29-H29) -> 456
C30: =VLOOKUP(D30,[1]Saldo!A29:B31302,2,0) -> #ERROR! | D30: 90214-0219 | E30: ROLAMENTO DE ESFERAS | F30: 2 | G30: 7000 | H30: ='PAINEL DE CONTROLE'!$J$5 -> 6544 | I30: 0 | J30: =I30+G30 -> 7000 | K30: =SUM(J30-H30) -> 456
C31: =VLOOKUP(D31,[1]Saldo!A30:B31303,2,0) -> #ERROR! | D31: 90141-0019 | E31: ANEL DE RENTECAO DE ACO | F31: 2 | G31: 7000 | H31: ='PAINEL DE CONTROLE'!$J$5 -> 6544 | I31: 0 | J31: =I31+G31 -> 7000 | K31: =SUM(J31-H31) -> 456
C32: =VLOOKUP(D32,[1]Saldo!A31:B31304,2,0) -> #ERROR! | D32: 1144783-0000 | E32: CORREIA | F32: 1 | G32: 7000 | H32: ='PAINEL DE CONTROLE'!$J$5 -> 6544 | I32: 0 | J32: =I32+G32 -> 7000 | K32: =SUM(J32-H32) -> 456
C33: =VLOOKUP(D33,[1]Saldo!A32:B31305,2,0) -> #ERROR! | D33: 315751-0119 | E33: ANEL DE TRAVA DE ACO | F33: 2 | G33: 7000 | H33: ='PAINEL DE CONTROLE'!$J$5 -> 6544 | I33: 0 | J33: =I33+G33 -> 7000 | K33: =SUM(J33-H33) -> 456
C34: =VLOOKUP(D34,[1]Saldo!A33:B31306,2,0) -> #ERROR! | D34: 1144841-0000 | E34: CORREIA DE TRASMISSAO , DENTADA DE PLASTICO POLIURETANO REFORCADO COM MALHA DE ACO | F34: 1 | G34: 7000 | H34: ='PAINEL DE CONTROLE'!$J$5 -> 6544 | I34: 0 | J34: =I34+G34 -> 7000 | K34: =SUM(J34-H34) -> 456
C35: =VLOOKUP(D35,[1]Saldo!A34:B31307,2,0) -> #ERROR! | D35: 90091-0297 | E35: RETENTOR B+L UE 35 477 2 | F35: 2 | G35: 7000 | H35: ='PAINEL DE CONTROLE'!$J$5 -> 6544 | I35: 0 | J35: =I35+G35 -> 7000 | K35: =SUM(J35-H35) -> 456
A36: CALHA DE DESCARTE | C36: =VLOOKUP(D36,[1]Saldo!A35:B31308,2,0) -> #ERROR! | D36: 3015733-0000 | E36: Casquilho | F36: 2 | G36: 6000 | H36: ='PAINEL DE CONTROLE'!$J$5 -> 6544 | I36: 0 | J36: =I36+G36 -> 6000 | K36: =SUM(J36-H36) -> -544
C37: =VLOOKUP(D37,[1]Saldo!A36:B31309,2,0) -> #ERROR! | D37: 1478928-0000 | E37: CASQUILHO | F37: 4 | G37: 6000 | H37: ='PAINEL DE CONTROLE'!$J$5 -> 6544 | I37: 0 | J37: =I37+G37 -> 6000 | K37: =SUM(J37-H37) -> -544
C38: =VLOOKUP(D38,[1]Saldo!A37:B31310,2,0) -> #ERROR! | D38: 90235-0847 | E38: Flow controller | F38: 2 | G38: 6000 | H38: ='PAINEL DE CONTROLE'!$J$5 -> 6544 | I38: 0 | J38: =I38+G38 -> 6000 | K38: =SUM(J38-H38) -> -544
C39: =VLOOKUP(D39,[1]Saldo!A38:B31311,2,0) -> #ERROR! | D39: 3015731-0000 | E39: SUPORTE DE ACO | F39: 2 | G39: 12000 | H39: ='PAINEL DE CONTROLE'!$J$5 -> 6544 | I39: 0 | J39: =I39+G39 -> 12000 | K39: =SUM(J39-H39) -> 5456
C40: =VLOOKUP(D40,[1]Saldo!A39:B31312,2,0) -> #ERROR! | D40: 3020023-0000 | E40: SUPORTE | F40: 2 | G40: 12000 | H40: ='PAINEL DE CONTROLE'!$J$5 -> 6544 | I40: 0 | J40: =I40+G40 -> 12000 | K40: =SUM(J40-H40) -> 5456
A41: PULDOW DEVICE | C41: =VLOOKUP(D41,[1]Saldo!A40:B31313,2,0) -> #ERROR! | D41: 344226-0105 | E41: ROLAMENTO SKF6205-2RS | F41: 1 | G41: 5000 | H41: ='PAINEL DE CONTROLE'!$J$5 -> 6544 | I41: 0 | J41: =I41+G41 -> 5000 | K41: =SUM(J41-H41) -> -1544
C42: =VLOOKUP(D42,[1]Saldo!A41:B31314,2,0) -> #ERROR! | D42: 90091-0297 | E42: ANEL VEDANTE | F42: 1 | G42: 5000 | H42: ='PAINEL DE CONTROLE'!$J$5 -> 6544 | I42: 0 | J42: =I42+G42 -> 5000 | K42: =SUM(J42-H42) -> -1544
C43: =VLOOKUP(D43,[1]Saldo!A42:B31315,2,0) -> #ERROR! | D43: 90091-0299 | E43: ANEL VEDANTE | F43: 1 | G43: 5000 | H43: ='PAINEL DE CONTROLE'!$J$5 -> 6544 | I43: 0 | J43: =I43+G43 -> 5000 | K43: =SUM(J43-H43) -> -1544
C44: =VLOOKUP(D44,[1]Saldo!A43:B31316,2,0) -> #ERROR! | D44: 1260944-0000 | E44: BUCHA DE MANCAL | F44: 2 | G44: 5000 | H44: ='PAINEL DE CONTROLE'!$J$5 -> 6544 | I44: 0 | J44: =I44+G44 -> 5000 | K44: =SUM(J44-H44) -> -1544
C45: =VLOOKUP(D45,[1]Saldo!A44:B31317,2,0) -> #ERROR! | D45: 344224-0205 | E45: ROLAMENTO DE ESFERAS DE CARGA RADIAL | F45: 1 | G45: 5000 | H45: ='PAINEL DE CONTROLE'!$J$5 -> 6544 | I45: 0 | J45: =I45+G45 -> 5000 | K45: =SUM(J45-H45) -> -1544
C46: =VLOOKUP(D46,[1]Saldo!A45:B31318,2,0) -> #ERROR! | D46: 90115-0181 | E46: TERMINAL ROTULAR | F46: 1 | G46: 5000 | H46: ='PAINEL DE CONTROLE'!$J$5 -> 6544 | I46: 0 | J46: =I46+G46 -> 5000 | K46: =SUM(J46-H46) -> -1544
C47: =VLOOKUP(D47,[1]Saldo!A46:B31319,2,0) -> #ERROR! | D47: 90115-0182 | E47: TERMINAL ROTULAR | F47: 1 | G47: 5000 | H47: ='PAINEL DE CONTROLE'!$J$5 -> 6544 | I47: 0 | J47: =I47+G47 -> 5000 | K47: =SUM(J47-H47) -> -1544
C48: =VLOOKUP(D48,[1]Saldo!A47:B31320,2,0) -> #ERROR! | D48: 90115-0139 | E48: TERMINAL ROTULAR | F48: 4 | G48: 5000 | H48: ='PAINEL DE CONTROLE'!$J$5 -> 6544 | I48: 0 | J48: =I48+G48 -> 5000 | K48: =SUM(J48-H48) -> -1544
C49: =VLOOKUP(D49,[1]Saldo!A48:B31321,2,0) -> #ERROR! | D49: 90115-0180 | E49: TERMINAL DE ARTICULACAO | F49: 4 | G49: 5000 | H49: ='PAINEL DE CONTROLE'!$J$5 -> 6544 | I49: 0 | J49: =I49+G49 -> 5000 | K49: =SUM(J49-H49) -> -1544
C50: =VLOOKUP(D50,[1]Saldo!A49:B31322,2,0) -> #ERROR! | D50: 1282708-0000 | E50: BUCHA DE MANCAL | F50: 8 | G50: 5000 | H50: ='PAINEL DE CONTROLE'!$J$5 -> 6544 | I50: 0 | J50: =I50+G50 -> 5000 | K50: =SUM(J50-H50) -> -1544
C51: =VLOOKUP(D51,[1]Saldo!A50:B31323,2,0) -> #ERROR! | D51: 90134-0058 | E51: CONEXÃO | F51: 4 | G51: 5000 | H51: ='PAINEL DE CONTROLE'!$J$5 -> 6544 | I51: 0 | J51: =I51+G51 -> 5000 | K51: =SUM(J51-H51) -> -1544
C52: =VLOOKUP(D52,[1]Saldo!A51:B31324,2,0) -> #ERROR! | D52: 351523-0217 | E52: ANEL DE VEDAÇÃO | F52: 1 | G52: 5000 | H52: ='PAINEL DE CONTROLE'!$J$5 -> 6544 | I52: 0 | J52: =I52+G52 -> 5000 | K52: =SUM(J52-H52) -> -1544
C53: =VLOOKUP(D53,[1]Saldo!A52:B31325,2,0) -> #ERROR! | D53: 315202-0107 | E53: ANEL DE VEDACAO 9,1 X 1,6 MM | F53: 4 | G53: 5000 | H53: ='PAINEL DE CONTROLE'!$J$5 -> 6544 | I53: 0 | J53: =I53+G53 -> 5000 | K53: =SUM(J53-H53) -> -1544
A54: DESCARREGADOR FFU | C54: =VLOOKUP(D54,[1]Saldo!A53:B31326,2,0) -> #ERROR! | D54: 90608-3876 | E54: Rolamento 17/40x12 | F54: 6 | G54: 5000 | H54: ='PAINEL DE CONTROLE'!$J$5 -> 6544 | I54: 0 | J54: =I54+G54 -> 5000 | K54: =SUM(J54-H54) -> -1544
C55: =VLOOKUP(D55,[1]Saldo!A54:B31327,2,0) -> #ERROR! | D55: 2922973-0000 | E55: CORREIA | F55: 1 | G55: 5000 | H55: ='PAINEL DE CONTROLE'!$J$5 -> 6544 | I55: 0 | J55: =I55+G55 -> 5000 | K55: =SUM(J55-H55) -> -1544
C56: =VLOOKUP(D56,[1]Saldo!A55:B31328,2,0) -> #ERROR! | D56: 90600-3595 | E56: ROLAMENTO | F56: 1 | G56: 10000 | H56: ='PAINEL DE CONTROLE'!$J$5 -> 6544 | I56: 0 | J56: =I56+G56 -> 10000 | K56: =SUM(J56-H56) -> 3456
C57: =VLOOKUP(D57,[1]Saldo!A56:B31329,2,0) -> #ERROR! | D57: 2774953-0000 | E57: TRILHO | F57: 1 | G57: 10000 | H57: ='PAINEL DE CONTROLE'!$J$5 -> 6544 | I57: 0 | J57: =I57+G57 -> 10000 | K57: =SUM(J57-H57) -> 3456
C58: =VLOOKUP(D58,[1]Saldo!A57:B31330,2,0) -> #ERROR! | D58: 1607020-0020 | E58: LUBRIFICANTE H1-600- 14 L | F58: 1 | G58: 12000 | H58: ='PAINEL DE CONTROLE'!$J$5 -> 6544 | I58: 0 | J58: =I58+G58 -> 12000 | K58: =SUM(J58-H58) -> 5456
A59: ANÉIS DE FORMAÇÃO | B59: 41 | C59: 06000001156 | D59: 90240-0172 | E59: Bucha | F59: 48 | G59: 1000 | H59: ='PAINEL DE CONTROLE'!$J$5 -> 6544 | I59: 1098 | J59: =I59+G59 -> 2098 | K59: =SUM(J59-H59) -> -4446
B60: 41 | C60: 06000002969 | D60: 2033-0011 | E60: Arruela | F60: 48 | G60: 1000 | H60: ='PAINEL DE CONTROLE'!$J$5 -> 6544 | I60: 1098 | J60: =I60+G60 -> 2098 | K60: =SUM(J60-H60) -> -4446
B61: 41 | C61: 06000008689 | D61: 2715570-0000 | E61: ROLO | F61: 1 | G61: 1000 | H61: ='PAINEL DE CONTROLE'!$J$5 -> 6544 | I61: 0 | J61: =I61+G61 -> 1000 | K61: =SUM(J61-H61) -> -5544
B62: 41 | C62: 06000011168 | D62: 3184873-0000 | E62: CONTRA-ROLO | F62: 1 | G62: 1000 | H62: ='PAINEL DE CONTROLE'!$J$5 -> 6544 | I62: 0 | J62: =I62+G62 -> 1000 | K62: =SUM(J62-H62) -> -5544
A63: SIS. MANDIBULAS - UNID. DE FORMAÇÃO | B63: 41 | C63: 06000005409 | D63: 2774798-0000 | E63: Faca | F63: 2 | G63: 1000 | H63: ='PAINEL DE CONTROLE'!$J$5 -> 6544 | I63: 0 | J63: =I63+G63 -> 1000 | K63: =SUM(J63-H63) -> -5544
C64: 06000016104 | D64: 3502020-0000 | E64: Indutor | F64: 2 | G64: 2000 | H64: ='PAINEL DE CONTROLE'!$J$5 -> 6544 | I64: 0 | J64: =I64+G64 -> 2000 | K64: =SUM(J64-H64) -> -4544
B65: 41 | C65: 06000000708 | D65: 312145-0238 | E65: parafuso | F65: 8 | G65: 1000 | H65: ='PAINEL DE CONTROLE'!$J$5 -> 6544 | I65: 0 | J65: =I65+G65 -> 1000 | K65: =SUM(J65-H65) -> -5544
A66: BANHEIRA DE PERÓXIDO | C66: =VLOOKUP(D66,[1]Saldo!A65:B31338,2,0) -> #ERROR! | D66: 3421134-0000 | E66: Bucha | F66: 2 | G66: 2000 | H66: ='PAINEL DE CONTROLE'!$J$5 -> 6544 | I66: 0 | J66: =I66+G66 -> 2000 | K66: =SUM(J66-H66) -> -4544
C67: =VLOOKUP(D67,[1]Saldo!A66:B31339,2,0) -> #ERROR! | D67: 1528639-0000 | E67: Gaxeta | F67: 1 | G67: 2000 | H67: ='PAINEL DE CONTROLE'!$J$5 -> 6544 | I67: 1098 | J67: =I67+G67 -> 3098 | K67: =SUM(J67-H67) -> -3446
A68: PISTÃO DE ACIONAMENTO DA FACA | C68: =VLOOKUP(D68,[1]Saldo!A67:B31340,2,0) -> #ERROR! | D68: 315202-0705 | E68: Anel | F68: 4 | G68: 2000 | H68: ='PAINEL DE CONTROLE'!$J$5 -> 6544 | I68: 0 | J68: =I68+G68 -> 2000 | K68: =SUM(J68-H68) -> -4544
C69: =VLOOKUP(D69,[1]Saldo!A68:B31341,2,0) -> #ERROR! | D69: 351523-0104 | E69: Anel | F69: 4 | G69: 2000 | H69: ='PAINEL DE CONTROLE'!$J$5 -> 6544 | I69: 0 | J69: =I69+G69 -> 2000 | K69: =SUM(J69-H69) -> -4544
C70: =VLOOKUP(D70,[1]Saldo!A69:B31342,2,0) -> #ERROR! | D70: 90600-2016 | E70: Anel | F70: 4 | G70: 2000 | H70: ='PAINEL DE CONTROLE'!$J$5 -> 6544 | I70: 0 | J70: =I70+G70 -> 2000 | K70: =SUM(J70-H70) -> -4544
C71: =VLOOKUP(D71,[1]Saldo!A70:B31343,2,0) -> #ERROR! | D71: 90600-2015 | E71: Anel | F71: 4 | G71: 2000 | H71: ='PAINEL DE CONTROLE'!$J$5 -> 6544 | I71: 0 | J71: =I71+G71 -> 2000 | K71: =SUM(J71-H71) -> -4544
C72: =VLOOKUP(D72,[1]Saldo!A71:B31344,2,0) -> #ERROR! | D72: 90459-6026 | E72: Anel | F72: 4 | G72: 2000 | H72: ='PAINEL DE CONTROLE'!$J$5 -> 6544 | I72: 0 | J72: =I72+G72 -> 2000 | K72: =SUM(J72-H72) -> -4544
C73: =VLOOKUP(D73,[1]Saldo!A72:B31345,2,0) -> #ERROR! | D73: 90459-6019 | E73: Anel | F73: 4 | G73: 2000 | H73: ='PAINEL DE CONTROLE'!$J$5 -> 6544 | I73: 0 | J73: =I73+G73 -> 2000 | K73: =SUM(J73-H73) -> -4544
C74: =VLOOKUP(D74,[1]Saldo!A73:B31346,2,0) -> #ERROR! | D74: 90459-6023 | E74: Anel | F74: 4 | G74: 2000 | H74: ='PAINEL DE CONTROLE'!$J$5 -> 6544 | I74: 0 | J74: =I74+G74 -> 2000 | K74: =SUM(J74-H74) -> -4544
C75: =VLOOKUP(D75,[1]Saldo!A74:B31347,2,0) -> #ERROR! | D75: 90600-2018 | E75: Cotentor | F75: 4 | G75: 2000 | H75: ='PAINEL DE CONTROLE'!$J$5 -> 6544 | I75: 0 | J75: =I75+G75 -> 2000 | K75: =SUM(J75-H75) -> -4544
A76: REPARO DOS GANCHOS DE PRESSÃO | C76: =VLOOKUP(D76,[1]Saldo!A75:B31348,2,0) -> #ERROR! | D76: 315202-0105 | E76: O-ring | F76: 12 | G76: 2000 | H76: ='PAINEL DE CONTROLE'!$J$5 -> 6544 | I76: 0 | J76: =I76+G76 -> 2000 | K76: =SUM(J76-H76) -> -4544
C77: =VLOOKUP(D77,[1]Saldo!A76:B31349,2,0) -> #ERROR! | D77: 1260328-0000 | E77: Mola | F77: 4 | G77: 2000 | H77: ='PAINEL DE CONTROLE'!$J$5 -> 6544 | I77: 0 | J77: =I77+G77 -> 2000 | K77: =SUM(J77-H77) -> -4544
C78: =VLOOKUP(D78,[1]Saldo!A77:B31350,2,0) -> #ERROR! | D78: 90091-0368 | E78: Wear Ring | F78: 4 | G78: 2000 | H78: ='PAINEL DE CONTROLE'!$J$5 -> 6544 | I78: 0 | J78: =I78+G78 -> 2000 | K78: =SUM(J78-H78) -> -4544
C79: =VLOOKUP(D79,[1]Saldo!A78:B31351,2,0) -> #ERROR! | D79: 90091-0428 | E79: Selo | F79: 4 | G79: 2000 | H79: ='PAINEL DE CONTROLE'!$J$5 -> 6544 | I79: 0 | J79: =I79+G79 -> 2000 | K79: =SUM(J79-H79) -> -4544
C80: =VLOOKUP(D80,[1]Saldo!A79:B31352,2,0) -> #ERROR! | D80: 90091-0359 | E80: X-Selo | F80: 8 | G80: 2000 | H80: ='PAINEL DE CONTROLE'!$J$5 -> 6544 | I80: 0 | J80: =I80+G80 -> 2000 | K80: =SUM(J80-H80) -> -4544
C81: =VLOOKUP(D81,[1]Saldo!A80:B31353,2,0) -> #ERROR! | D81: 90091-0360 | E81: Back-UP | F81: 8 | G81: 2000 | H81: ='PAINEL DE CONTROLE'!$J$5 -> 6544 | I81: 0 | J81: =I81+G81 -> 2000 | K81: =SUM(J81-H81) -> -4544
C82: =VLOOKUP(D82,[1]Saldo!A81:B31354,2,0) -> #ERROR! | D82: 90091-0364 | E82: Rod Selo | F82: 4 | G82: 2000 | H82: ='PAINEL DE CONTROLE'!$J$5 -> 6544 | I82: 0 | J82: =I82+G82 -> 2000 | K82: =SUM(J82-H82) -> -4544
C83: =VLOOKUP(D83,[1]Saldo!A82:B31355,2,0) -> #ERROR! | D83: 90091-0366 | E83: Wear Ring | F83: 4 | G83: 2000 | H83: ='PAINEL DE CONTROLE'!$J$5 -> 6544 | I83: 0 | J83: =I83+G83 -> 2000 | K83: =SUM(J83-H83) -> -4544
C84: =VLOOKUP(D84,[1]Saldo!A83:B31356,2,0) -> #ERROR! | D84: 90091-0362 | E84: Scraper | F84: 4 | G84: 2000 | H84: ='PAINEL DE CONTROLE'!$J$5 -> 6544 | I84: 0 | J84: =I84+G84 -> 2000 | K84: =SUM(J84-H84) -> -4544
C85: =VLOOKUP(D85,[1]Saldo!A84:B31357,2,0) -> #ERROR! | D85: 2547588-0000 | E85: Mola | F85: 2 | G85: 2000 | H85: ='PAINEL DE CONTROLE'!$J$5 -> 6544 | I85: 0 | J85: =I85+G85 -> 2000 | K85: =SUM(J85-H85) -> -4544
C86: =VLOOKUP(D86,[1]Saldo!A85:B31358,2,0) -> #ERROR! | D86: 2530296-0000 | E86: Rolo | F86: 4 | G86: 2000 | H86: ='PAINEL DE CONTROLE'!$J$5 -> 6544 | I86: 0 | J86: =I86+G86 -> 2000 | K86: =SUM(J86-H86) -> -4544
C87: =VLOOKUP(D87,[1]Saldo!A86:B31359,2,0) -> #ERROR! | D87: 2547589-0000 | E87: Mola | F87: 2 | G87: 2000 | H87: ='PAINEL DE CONTROLE'!$J$5 -> 6544 | I87: 0 | J87: =I87+G87 -> 2000 | K87: =SUM(J87-H87) -> -4544
C88: =VLOOKUP(D88,[1]Saldo!A87:B31360,2,0) -> #ERROR! | D88: 1607000-0020 | E88: ÓLEO HIDRÁULICO H1-0500 | F88: 1 | G88: 2000 | H88: ='PAINEL DE CONTROLE'!$J$5 -> 6544 | I88: 0 | J88: =I88+G88 -> 2000 | K88: =SUM(J88-H88) -> -4544
C89: =VLOOKUP(D89,[1]Saldo!A88:B31361,2,0) -> #ERROR! | D89: 90457-0042 | E89: FILTRO DE ÓLEO | F89: 1 | G89: 2000 | H89: ='PAINEL DE CONTROLE'!$J$5 -> 6544 | I89: 0 | J89: =I89+G89 -> 2000 | K89: =SUM(J89-H89) -> -4544
A90: APLICADOR DE FITA | C90: =VLOOKUP(D90,[1]Saldo!A89:B31362,2,0) -> #ERROR! | D90: 2963237-0000 | E90: ROLO | F90: 2 | G90: 2000 | H90: ='PAINEL DE CONTROLE'!$J$5 -> 6544 | I90: 0 | J90: =I90+G90 -> 2000 | K90: =SUM(J90-H90) -> -4544
C91: =VLOOKUP(D91,[1]Saldo!A90:B31363,2,0) -> #ERROR! | D91: 90600-7746 | E91: Bucha | F91: 2 | G91: 2000 | H91: ='PAINEL DE CONTROLE'!$J$5 -> 6544 | I91: 0 | J91: =I91+G91 -> 2000 | K91: =SUM(J91-H91) -> -4544
A92: SISTEMA DE MANDIBULAS | C92: =VLOOKUP(D92,[1]Saldo!A91:B31364,2,0) -> #ERROR! | D92: 2960139-0000 | E92: BUCHA | F92: 8 | G92: 2000 | H92: ='PAINEL DE CONTROLE'!$J$5 -> 6544 | I92: 0 | J92: =I92+G92 -> 2000 | K92: =SUM(J92-H92) -> -4544
C93: =VLOOKUP(D93,[1]Saldo!A92:B31365,2,0) -> #ERROR! | D93: 90600-2013 | E93: BUCHA | F93: 16 | G93: 2000 | H93: ='PAINEL DE CONTROLE'!$J$5 -> 6544 | I93: 0 | J93: =I93+G93 -> 2000 | K93: =SUM(J93-H93) -> -4544
C94: =VLOOKUP(D94,[1]Saldo!A93:B31366,2,0) -> #ERROR! | D94: 1285003-0000 | E94: LINK | F94: 2 | G94: 2000 | H94: ='PAINEL DE CONTROLE'!$J$5 -> 6544 | I94: 0 | J94: =I94+G94 -> 2000 | K94: =SUM(J94-H94) -> -4544
C95: =VLOOKUP(D95,[1]Saldo!A94:B31367,2,0) -> #ERROR! | D95: 1285006-0000 | E95: ESPACADOR | F95: 2 | G95: 2000 | H95: ='PAINEL DE CONTROLE'!$J$5 -> 6544 | I95: 0 | J95: =I95+G95 -> 2000 | K95: =SUM(J95-H95) -> -4544
C96: =VLOOKUP(D96,[1]Saldo!A95:B31368,2,0) -> #ERROR! | D96: 90240-0180 | E96: BUCHA | F96: 4 | G96: 2000 | H96: ='PAINEL DE CONTROLE'!$J$5 -> 6544 | I96: 0 | J96: =I96+G96 -> 2000 | K96: =SUM(J96-H96) -> -4544
C97: =VLOOKUP(D97,[1]Saldo!A96:B31369,2,0) -> #ERROR! | D97: 2837095-0000 | E97: EIXO | F97: 2 | G97: 4000 | H97: ='PAINEL DE CONTROLE'!$J$5 -> 6544 | I97: 0 | J97: =I97+G97 -> 4000 | K97: =SUM(J97-H97) -> -2544
C98: =VLOOKUP(D98,[1]Saldo!A97:B31370,2,0) -> #ERROR! | D98: 2774799-0000 | E98: BLOCO | F98: 4 | G98: 5000 | H98: ='PAINEL DE CONTROLE'!$J$5 -> 6544 | I98: 0 | J98: =I98+G98 -> 5000 | K98: =SUM(J98-H98) -> -1544
C99: =VLOOKUP(D99,[1]Saldo!A98:B31371,2,0) -> #ERROR! | D99: 2773510-0000 | E99: EIXO | F99: 4 | G99: 6000 | H99: ='PAINEL DE CONTROLE'!$J$5 -> 6544 | I99: 0 | J99: =I99+G99 -> 6000 | K99: =SUM(J99-H99) -> -544
C100: =VLOOKUP(D100,[1]Saldo!A99:B31372,2,0) -> #ERROR! | D100: 3453559-0000 | E100: CAME | F100: 1 | G100: 6000 | H100: ='PAINEL DE CONTROLE'!$J$5 -> 6544 | I100: 0 | J100: =I100+G100 -> 6000 | K100: =SUM(J100-H100) -> -544
...

Sheet HELIX 02
A1: ACUMULADOR HELIX 30 02
A2: SISTEMA | B2: COD PROTHEUS | C2: COD TETRA | D2: DESCRIÇÃO | E2: QT | F2: FRENQ. TROCA | G2: HOR. ATUAL | H2: ULT. TROCA | I2: PREVISÃO | J2: HORAS P/ MANT. | K2: DATA DE MANUTENÇÃO | L2: OBSERVAÇÃO | M2: MANUTENTOR | N2: DATA DE MANUTENÇÃO | O2: OBSERVAÇÃO | P2: MANUTENTOR | Q2: DATA DE MANUTENÇÃO | R2: OBSERVAÇÃO | S2: MANUTENTOR | T2: DATA DE MANUTENÇÃO | U2: OBSERVAÇÃO | V2: MANUTENTOR | W2: DATA DE MANUTENÇÃO | X2: OBSERVAÇÃO | Y2: MANUTENTOR | Z2: DATA DE MANUTENÇÃO | AA2: OBSERVAÇÃO | AB2: MANUTENTOR | AC2: DATA DE MANUTENÇÃO | AD2: OBSERVAÇÃO | AE2: MANUTENTOR | AF2: DATA DE MANUTENÇÃO | AG2: OBSERVAÇÃO | AH2: MANUTENTOR | AI2: DATA DE MANUTENÇÃO | AJ2: OBSERVAÇÃO | AK2: MANUTENTOR | AL2: DATA DE MANUTENÇÃO | AM2: OBSERVAÇÃO | AN2: MANUTENTOR | AO2: DATA DE MANUTENÇÃO | AP2: OBSERVAÇÃO | AQ2: MANUTENTOR
A3: ARANHA E RODAS DO HELIX | B3: =VLOOKUP(C3,[1]Saldo!A2:B31275,2,0) -> #ERROR! | C3: 90606-3401 | D3: ESCOVA | E3: 4 | F3: 4000 | G3: ='PAINEL DE CONTROLE'!$J$6 -> 6727 | H3: 0 | I3: =SUM(H3+F3) -> 4000 | J3: =SUM(I3-G3) -> -2727
B4: =VLOOKUP(C4,[1]Saldo!A3:B31276,2,0) -> #ERROR! | C4: 90608-3877 | D4: ROLAMENTO W6204 | E4: 6 | F4: 6000 | G4: ='PAINEL DE CONTROLE'!$J$6 -> 6727 | H4: 0 | I4: =SUM(H4+F4) -> 6000 | J4: =SUM(I4-G4) -> -727
B5: =VLOOKUP(C5,[1]Saldo!A4:B31277,2,0) -> #ERROR! | C5: 3169909-0000 | D5: ANEL TRAVA | E5: 4 | F5: 6000 | G5: ='PAINEL DE CONTROLE'!$J$6 -> 6727 | H5: 0 | I5: =SUM(H5+F5) -> 6000 | J5: =SUM(I5-G5) -> -727
B6: =VLOOKUP(C6,[1]Saldo!A5:B31278,2,0) -> #ERROR! | C6: 90608-7154 | D6: ROLAMENTO W6001 | E6: 23 | F6: 6000 | G6: ='PAINEL DE CONTROLE'!$J$6 -> 6727 | H6: 0 | I6: =SUM(H6+F6) -> 6000 | J6: =SUM(I6-G6) -> -727
B7: =VLOOKUP(C7,[1]Saldo!A6:B31279,2,0) -> #ERROR! | C7: 2948868-0000 | D7: ROLAMENTO | E7: 4 | F7: 6000 | G7: ='PAINEL DE CONTROLE'!$J$6 -> 6727 | H7: 0 | I7: =SUM(H7+F7) -> 6000 | J7: =SUM(I7-G7) -> -727
B8: =VLOOKUP(C8,[1]Saldo!A7:B31280,2,0) -> #ERROR! | C8: 2727353-0000 | D8: CORREIA | E8: 1 | F8: 6000 | G8: ='PAINEL DE CONTROLE'!$J$6 -> 6727 | H8: 0 | I8: =SUM(H8+F8) -> 6000 | J8: =SUM(I8-G8) -> -727
B9: =VLOOKUP(C9,[1]Saldo!A8:B31281,2,0) -> #ERROR! | C9: 90603-2403 | D9: ROLAMENTO W6004 | E9: 6 | F9: 6000 | G9: ='PAINEL DE CONTROLE'!$J$6 -> 6727 | H9: 0 | I9: =SUM(H9+F9) -> 6000 | J9: =SUM(I9-G9) -> -727
B10: =VLOOKUP(C10,[1]Saldo!A9:B31282,2,0) -> #ERROR! | C10: 90608-3874 | D10: ROLAMENTO W608 | E10: 1 | F10: 6000 | G10: ='PAINEL DE CONTROLE'!$J$6 -> 6727 | H10: 0 | I10: =SUM(H10+F10) -> 6000 | J10: =SUM(I10-G10) -> -727
B11: =VLOOKUP(C11,[1]Saldo!A10:B31283,2,0) -> #ERROR! | C11: 2727356-0000 | D11: ROLAMENTO CATRACA | E11: 1 | F11: 6000 | G11: ='PAINEL DE CONTROLE'!$J$6 -> 6727 | H11: 0 | I11: =SUM(H11+F11) -> 6000 | J11: =SUM(I11-G11) -> -727
B12: =VLOOKUP(C12,[1]Saldo!A11:B31284,2,0) -> #ERROR! | C12: 2948958-0000 | D12: CORREIA | E12: 1 | F12: 6000 | G12: ='PAINEL DE CONTROLE'!$J$6 -> 6727 | H12: 0 | I12: =SUM(H12+F12) -> 6000 | J12: =SUM(I12-G12) -> -727
B13: =VLOOKUP(C13,[1]Saldo!A12:B31285,2,0) -> #ERROR! | C13: 2528297-0000 | D13: ANEL TRAVA INTERNO | E13: 5 | F13: 6000 | G13: ='PAINEL DE CONTROLE'!$J$6 -> 6727 | H13: 0 | I13: =SUM(H13+F13) -> 6000 | J13: =SUM(I13-G13) -> -727
B14: =VLOOKUP(C14,[1]Saldo!A13:B31286,2,0) -> #ERROR! | C14: 2727357-0000 | D14: RETENTOR | E14: 2 | F14: 6000 | G14: ='PAINEL DE CONTROLE'!$J$6 -> 6727 | H14: 0 | I14: =SUM(H14+F14) -> 6000 | J14: =SUM(I14-G14) -> -727
B15: =VLOOKUP(C15,[1]Saldo!A14:B31287,2,0) -> #ERROR! | C15: 2855235-0000 | D15: CORREIA | E15: 1 | F15: 6000 | G15: ='PAINEL DE CONTROLE'!$J$6 -> 6727 | H15: 0 | I15: =SUM(H15+F15) -> 6000 | J15: =SUM(I15-G15) -> -727
... B18: =VLOOKUP(C18,[1]Saldo!A17:B31290,2,0) -> #ERROR! | C18: 2727233-0000 | D18: ENGRENAGEM | E18: 3 | F18: 6000 | G18: ='PAINEL DE CONTROLE'!$J$6 -> 6727 | H18: 0 | I18: =SUM(H18+F18) -> 6000 | J18: =SUM(I18-G18) -> -727

Sheet CAPPER 02
A1: CAPPER 25 02
A2: SISTEMA | B2: COD PROTHEUS | C2: COD TETRA | D2: DESCRIÇÃO | E2: QT | F2: FREQ. TROCA | G2: HOR. ATUAL | H2: ULT. TROCA | I2: PREVISÃO | J2: HORAS P/ MANT. | K2: DATA DE MANUTENÇÃO | L2: OBSERVAÇÃO | M2: MANUTENTOR | N2: DATA DE MANUTENÇÃO | O2: OBSERVAÇÃO | P2: MANUTENTOR | Q2: DATA DE MANUTENÇÃO | R2: OBSERVAÇÃO | S2: MANUTENTOR | T2: DATA DE MANUTENÇÃO | U2: OBSERVAÇÃO | V2: MANUTENTOR | W2: DATA DE MANUTENÇÃO | X2: OBSERVAÇÃO | Y2: MANUTENTOR | Z2: DATA DE MANUTENÇÃO | AA2: OBSERVAÇÃO | AB2: MANUTENTOR | AC2: DATA DE MANUTENÇÃO | AD2: OBSERVAÇÃO | AE2: MANUTENTOR | AF2: DATA DE MANUTENÇÃO | AG2: OBSERVAÇÃO | AH2: MANUTENTOR | AI2: DATA DE MANUTENÇÃO | AJ2: OBSERVAÇÃO | AK2: MANUTENTOR | AL2: DATA DE MANUTENÇÃO | AM2: OBSERVAÇÃO | AN2: MANUTENTOR | AO2: DATA DE MANUTENÇÃO | AP2: OBSERVAÇÃO | AQ2: MANUTENTOR | AR2: DATA DE MANUTENÇÃO | AS2: OBSERVAÇÃO | AT2: MANUTENTOR
A3: UNIDADE APLICADORA DE TAMPA PROG: 33 | B3: 06000008972 | C3: 3399156-0000 | D3: CORREIA | E3: 2 | F3: 1000 | G3: ='PAINEL DE CONTROLE'!$J$7 -> 6673 | H3: 0 | I3: =SUM(H3+F3) -> 1000 | J3: =SUM(I3-G3) -> -5673
B4: VIRAR CORREIA DO CAPPER | E4: X | F4: 500 | G4: ='PAINEL DE CONTROLE'!$J$7 -> 6673 | H4: 1122 | I4: =SUM(H4+F4) -> 1622 | J4: =SUM(I4-G4) -> -5051
A5: UNIDADE DE FREIO DE ENTRADA PROG. 30 (SPC 1-72 / 1-74 / 1-76) | B5: 06000000658 | C5: 315221-0145 | D5: RETENTOR | E5: 2 | F5: 2000 | G5: ='PAINEL DE CONTROLE'!$J$7 -> 6673 | H5: 0 | I5: =SUM(H5+F5) -> 2000 | J5: =SUM(I5-G5) -> -4673
B6: 06000001414 | C6: 315753-0124 | D6: ANEL TRAVA | E6: 4 | F6: 2000 | G6: ='PAINEL DE CONTROLE'!$J$7 -> 6673 | H6: 0 | I6: =SUM(H6+F6) -> 2000 | J6: =SUM(I6-G6) -> -4673
B7: 06000013318 | C7: 90608-7194 | D7: ROLAMENTO W6003 | E7: 10 | F7: 2000 | G7: ='PAINEL DE CONTROLE'!$J$7 -> 6673 | H7: 0 | I7: =SUM(H7+F7) -> 2000 | J7: =SUM(I7-G7) -> -4673
B8: 06000004074 | C8: 315220-0130 | D8: RETENTOR | E8: 2 | F8: 2000 | G8: ='PAINEL DE CONTROLE'!$J$7 -> 6673 | H8: 0 | I8: =SUM(H8+F8) -> 2000 | J8: =SUM(I8-G8) -> -4673
B9: 06000012080 | C9: 351523-0219 | D9: ANEL | E9: 4 | F9: 2000 | G9: ='PAINEL DE CONTROLE'!$J$7 -> 6673 | H9: 0 | I9: =SUM(H9+F9) -> 2000 | J9: =SUM(I9-G9) -> -4673
B10: 06000003983 | C10: 315220-0172 | D10: RETENTOR | E10: 4 | F10: 2000 | G10: ='PAINEL DE CONTROLE'!$J$7 -> 6673 | H10: 0 | I10: =SUM(H10+F10) -> 2000 | J10: =SUM(I10-G10) -> -4673
B11: 06000003047 | C11: 315221-0137 | D11: RETENTOR | E11: 8 | F11: 2000 | G11: ='PAINEL DE CONTROLE'!$J$7 -> 6673 | H11: 0 | I11: =SUM(H11+F11) -> 2000 | J11: =SUM(I11-G11) -> -4673
C12: 351692-0015 | D12: CORREIA | E12: 4 | F12: 2000 | G12: ='PAINEL DE CONTROLE'!$J$7 -> 6673 | H12: 0 | I12: =SUM(H12+F12) -> 2000 | J12: =SUM(I12-G12) -> -4673
C13: 533237-0000 | D13: CAVILHA EIXO | E13: 8 | F13: 2000 | G13: ='PAINEL DE CONTROLE'!$J$7 -> 6673 | H13: 0 | I13: =SUM(H13+F13) -> 2000 | J13: =SUM(I13-G13) -> -4673
A14: UNIDADE DAS CORREIAS LATERAL PROG: 31 | B14: 06000011366 | C14: 90459-1819 | D14: CORREIA | E14: 2 | F14: 3000 | G14: ='PAINEL DE CONTROLE'!$J$7 -> 6673 | H14: 0 | I14: =SUM(H14+F14) -> 3000 | J14: =SUM(I14-G14) -> -3673
B15: 06000013368 | C15: 90603-3556 | D15: ROLAMENTO W 6202-2RS | E15: 8 | F15: 3000 | G15: ='PAINEL DE CONTROLE'!$J$7 -> 6673 | H15: 0 | I15: =SUM(H15+F15) -> 3000 | J15: =SUM(I15-G15) -> -3673
A16: UNIDADE APLICADORA DE TAMPA | C16: 90608-7174 | D16: ROLAMENTO W6002 | E16: 12 | F16: 4000 | G16: ='PAINEL DE CONTROLE'!$J$7 -> 6673 | H16: 0 | I16: =SUM(H16+F16) -> 4000 | J16: =SUM(I16-G16) -> -2673
C17: 3235244-0000 | D17: BUCHA | E17: 4 | F17: 4000 | G17: ='PAINEL DE CONTROLE'!$J$7 -> 6673 | H17: 0 | I17: =SUM(H17+F17) -> 4000 | J17: =SUM(I17-G17) -> -2673
C18: 3235246-0000 | D18: ANEL | E18: 2 | F18: 4000 | G18: ='PAINEL DE CONTROLE'!$J$7 -> 6673 | H18: 0 | I18: =SUM(H18+F18) -> 4000 | J18: =SUM(I18-G18) -> -2673
C19: 3238271-0000 | D19: BUCHA | E19: 2 | F19: 4000 | G19: ='PAINEL DE CONTROLE'!$J$7 -> 6673 | H19: 0 | I19: =SUM(H19+F19) -> 4000 | J19: =SUM(I19-G19) -> -2673
A20: UNIDADE DE FREIO DE ENTRADA PROG. ** | B20: 06000012792 | C20: 90606-8951 | D20: CORRENTE ACO INOX | E20: 1 | F20: 6000 | G20: ='PAINEL DE CONTROLE'!$J$7 -> 6673 | H20: 0 | I20: =SUM(H20+F20) -> 6000 | J20: =SUM(I20-G20) -> -673

Sheet CARD-32 02
A1: CARDBOARD PACKER 32 02
A2: SISTEMA | B2: COD PROTHEUS | C2: COD TETRA | D2: DESCRIÇÃO | E2: QT | F2: FRENQ. TROCA | G2: HOR. ATUAL | H2: ULT. TROCA | I2: PREVISÃO | J2: HORAS P/ MANT. | K2: DATA DE MANUTENÇÃO | L2: OBSERVAÇÃO | M2: MANUTENTOR | N2: DATA DE MANUTENÇÃO | O2: OBSERVAÇÃO | P2: MANUTENTOR | Q2: DATA DE MANUTENÇÃO | R2: OBSERVAÇÃO | S2: MANUTENTOR | T2: DATA DE MANUTENÇÃO | U2: OBSERVAÇÃO | V2: MANUTENTOR | W2: DATA DE MANUTENÇÃO | X2: OBSERVAÇÃO | Y2: MANUTENTOR | Z2: DATA DE MANUTENÇÃO | AA2: OBSERVAÇÃO | AB2: MANUTENTOR | AC2: DATA DE MANUTENÇÃO | AD2: OBSERVAÇÃO | AE2: MANUTENTOR | AF2: DATA DE MANUTENÇÃO | AG2: OBSERVAÇÃO | AH2: MANUTENTOR | AI2: DATA DE MANUTENÇÃO | AJ2: OBSERVAÇÃO | AK2: MANUTENTOR | AL2: DATA DE MANUTENÇÃO | AM2: OBSERVAÇÃO | AN2: MANUTENTOR | AO2: DATA DE MANUTENÇÃO | AP2: OBSERVAÇÃO | AQ2: MANUTENTOR
A3: UNIDADE DE AIMENTAÇÃO - FREIO DE ENTRADA (SPC 1.5 1-4 / 1.5 1-1) | B3: =VLOOKUP(C3,[1]Saldo!A2:B31275,2,0) -> #ERROR! | C3: 90601-0786 | D3: CORREIA | E3: 4 | F3: 4000 | G3: ='PAINEL DE CONTROLE'!$J$8 -> 6545 | H3: 0 | I3: =SUM(H3+F3) -> 4000 | J3: =SUM(I3-G3) -> -2545
B4: =VLOOKUP(C4,[1]Saldo!A3:B31276,2,0) -> #ERROR! | C4: 06190000619 | D4: RETENTOR 30X40X7 | E4: 4 | F4: 2000 | G4: ='PAINEL DE CONTROLE'!$J$8 -> 6545 | H4: 0 | I4: =SUM(H4+F4) -> 2000 | J4: =SUM(I4-G4) -> -4545
B5: =VLOOKUP(C5,[1]Saldo!A4:B31277,2,0) -> #ERROR! | C5: 315207-0714 | D5: ANEL | E5: 2 | F5: 2000 | G5: ='PAINEL DE CONTROLE'!$J$8 -> 6545 | H5: 0 | I5: =SUM(H5+F5) -> 2000 | J5: =SUM(I5-G5) -> -4545
B6: =VLOOKUP(C6,[1]Saldo!A5:B31278,2,0) -> #ERROR! | C6: 344224-0203 | D6: ROLAMENTO W 6003-2RS | E6: 8 | F6: 2000 | G6: ='PAINEL DE CONTROLE'!$J$8 -> 6545 | H6: 0 | I6: =SUM(H6+F6) -> 2000 | J6: =SUM(I6-G6) -> -4545
B7: =VLOOKUP(C7,[1]Saldo!A6:B31279,2,0) -> #ERROR! | C7: 344224-0204 | D7: ROLAMENTO W 6004-2RS | E7: 2 | F7: 2000 | G7: ='PAINEL DE CONTROLE'!$J$8 -> 6545 | H7: 0 | I7: =SUM(H7+F7) -> 2000 | J7: =SUM(I7-G7) -> -4545
B8: =VLOOKUP(C8,[1]Saldo!A7:B31280,2,0) -> #ERROR! | C8: 90091-0418 | D8: ANEL V-RING | E8: 4 | F8: 2000 | G8: ='PAINEL DE CONTROLE'!$J$8 -> 6545 | H8: 0 | I8: =SUM(H8+F8) -> 2000 | J8: =SUM(I8-G8) -> -4545
B9: =VLOOKUP(C9,[1]Saldo!A8:B31281,2,0) -> #ERROR! | C9: 90141-0017 | D9: ANEL | E9: 4 | F9: 2000 | G9: ='PAINEL DE CONTROLE'!$J$8 -> 6545 | H9: 0 | I9: =SUM(H9+F9) -> 2000 | J9: =SUM(I9-G9) -> -4545
A10: FORMAÇÃO PADRÃO - EMPURRADOR DE AGRUPAMENTO (SPC 2.2 1-1) | B10: =VLOOKUP(C10,[1]Saldo!A9:B31282,2,0) -> #ERROR! | C10: 315751-0109 | D10: ='[1]PARAMETROS PREVENTIVA'!$C675 -> #REF! | E10: 8 | F10: 5000 | G10: ='PAINEL DE CONTROLE'!$J$8 -> 6545 | H10: 0 | I10: =SUM(H10+F10) -> 5000 | J10: =SUM(I10-G10) -> -1545
B11: =VLOOKUP(C11,[1]Saldo!A10:B31283,2,0) -> #ERROR! | C11: 90240-0222 | D11: ='[1]PARAMETROS PREVENTIVA'!$C676 -> #REF! | E11: 2 | F11: 5000 | G11: ='PAINEL DE CONTROLE'!$J$8 -> 6545 | H11: 0 | I11: =SUM(H11+F11) -> 5000 | J11: =SUM(I11-G11) -> -1545
B12: =VLOOKUP(C12,[1]Saldo!A11:B31284,2,0) -> #ERROR! | C12: 90603-2945 | D12: ='[1]PARAMETROS PREVENTIVA'!$C677 -> #REF! | E12: 8 | F12: 5000 | G12: ='PAINEL DE CONTROLE'!$J$8 -> 6545 | H12: 0 | I12: =SUM(H12+F12) -> 5000 | J12: =SUM(I12-G12) -> -1545
A13: FORMAÇÃO PADRÃO - PLACA GUIA DE TRANSFERENCIA (SPC 2.2 4-1 / 2.2 8-1) | B13: =VLOOKUP(C13,[1]Saldo!A12:B31285,2,0) -> #ERROR! | C13: 321153-0140 | D13: ='[1]PARAMETROS PREVENTIVA'!$C678 -> #REF! | E13: 4 | F13: 4000 | G13: ='PAINEL DE CONTROLE'!$J$8 -> 6545 | H13: 0 | I13: =SUM(H13+F13) -> 4000 | J13: =SUM(I13-G13) -> -2545
B14: =VLOOKUP(C14,[1]Saldo!A13:B31286,2,0) -> #ERROR! | C14: 3215909-0000 | D14: ='[1]PARAMETROS PREVENTIVA'!$C679 -> #REF! | E14: 2 | F14: 4000 | G14: ='PAINEL DE CONTROLE'!$J$8 -> 6545 | H14: 0 | I14: =SUM(H14+F14) -> 4000 | J14: =SUM(I14-G14) -> -2545
B15: =VLOOKUP(C15,[1]Saldo!A14:B31287,2,0) -> #ERROR! | C15: 90335-0031 | D15: ='[1]PARAMETROS PREVENTIVA'!$C680 -> #REF! | E15: 2 | F15: 4000 | G15: ='PAINEL DE CONTROLE'!$J$8 -> 6545 | H15: 0 | I15: =SUM(H15+F15) -> 4000 | J15: =SUM(I15-G15) -> -2545
A16: FORMAÇÃO PADRÃO - CORPO DE TRANSFERENCIA (SPC 2.2.10 5-2 / 2.2 15-2) | B16: =VLOOKUP(C16,[1]Saldo!A15:B31288,2,0) -> #ERROR! | C16: 2750061-0000 | D16: ='[1]PARAMETROS PREVENTIVA'!$C681 -> #REF! | E16: 4 | F16: 4000 | G16: ='PAINEL DE CONTROLE'!$J$8 -> 6545 | H16: 0 | I16: =SUM(H16+F16) -> 4000 | J16: =SUM(I16-G16) -> -2545
B17: =VLOOKUP(C17,[1]Saldo!A16:B31289,2,0) -> #ERROR! | C17: 315751-0115 | D17: ='[1]PARAMETROS PREVENTIVA'!$C682 -> #REF! | E17: 1 | F17: 4000 | G17: ='PAINEL DE CONTROLE'!$J$8 -> 6545 | H17: 0 | I17: =SUM(H17+F17) -> 4000 | J17: =SUM(I17-G17) -> -2545
B18: =VLOOKUP(C18,[1]Saldo!A17:B31290,2,0) -> #ERROR! | C18: 315751-0116 | D18: ='[1]PARAMETROS PREVENTIVA'!$C683 -> #REF! | E18: 1 | F18: 4000 | G18: ='PAINEL DE CONTROLE'!$J$8 -> 6545 | H18: 0 | I18: =SUM(H18+F18) -> 4000 | J18: =SUM(I18-G18) -> -2545
B19: =VLOOKUP(C19,[1]Saldo!A18:B31291,2,0) -> #ERROR! | C19: 344226-0103 | D19: ='[1]PARAMETROS PREVENTIVA'!$C684 -> #REF! | E19: 14 | F19: 4000 | G19: ='PAINEL DE CONTROLE'!$J$8 -> 6545 | H19: 0 | I19: =SUM(H19+F19) -> 4000 | J19: =SUM(I19-G19) -> -2545
B20: =VLOOKUP(C20,[1]Saldo!A19:B31292,2,0) -> #ERROR! | C20: 312155-0329 | D20: ='[1]PARAMETROS PREVENTIVA'!$C685 -> #REF! | E20: 12 | F20: 4000 | G20: ='PAINEL DE CONTROLE'!$J$8 -> 6545 | H20: 0 | I20: =SUM(H20+F20) -> 4000 | J20: =SUM(I20-G20) -> -2545
B21: =VLOOKUP(C21,[1]Saldo!A20:B31293,2,0) -> #ERROR! | C21: 90459-0679 | D21: ='[1]PARAMETROS PREVENTIVA'!$C686 -> #REF! | E21: 2 | F21: 4000 | G21: ='PAINEL DE CONTROLE'!$J$8 -> 6545 | H21: 0 | I21: =SUM(H21+F21) -> 4000 | J21: =SUM(I21-G21) -> -2545
B22: =VLOOKUP(C22,[1]Saldo!A21:B31294,2,0) -> #ERROR! | C22: 90603-4534 | D22: ='[1]PARAMETROS PREVENTIVA'!$C687 -> #REF! | E22: 2 | F22: 4000 | G22: ='PAINEL DE CONTROLE'!$J$8 -> 6545 | H22: 0 | I22: =SUM(H22+F22) -> 4000 | J22: =SUM(I22-G22) -> -2545
A23: FORMAÇÃO PADRÃO - BRAÇO DE PARADA (SPC 2.2 4-3) | B23: =VLOOKUP(C23,[1]Saldo!A22:B31295,2,0) -> #ERROR! | C23: 90603-3541 | D23: ='[1]PARAMETROS PREVENTIVA'!$C688 -> #REF! | E23: 2 | F23: 4000 | G23: ='PAINEL DE CONTROLE'!$J$8 -> 6545 | H23: 0 | I23: =SUM(H23+F23) -> 4000 | J23: =SUM(I23-G23) -> -2545
A24: AGRUPAMENTO - TRANSFERÊNCIA | B24: =VLOOKUP(C24,[1]Saldo!A23:B31296,2,0) -> #ERROR! | C24: 321141-0140 | D24: ='[1]PARAMETROS PREVENTIVA'!$C689 -> #REF! | E24: 2 | F24: 4000 | G24: ='PAINEL DE CONTROLE'!$J$8 -> 6545 | H24: 0 | I24: =SUM(H24+F24) -> 4000 | J24: =SUM(I24-G24) -> -2545
B25: =VLOOKUP(C25,[1]Saldo!A24:B31297,2,0) -> #ERROR! | C25: 321161-0221 | D25: ='[1]PARAMETROS PREVENTIVA'!$C690 -> #REF! | E25: 10 | F25: 4000 | G25: ='PAINEL DE CONTROLE'!$J$8 -> 6545 | H25: 0 | I25: =SUM(H25+F25) -> 4000 | J25: =SUM(I25-G25) -> -2545
B26: =VLOOKUP(C26,[1]Saldo!A25:B31298,2,0) -> #ERROR! | C26: 90347-0007 | D26: ='[1]PARAMETROS PREVENTIVA'!$C691 -> #REF! | E26: 2 | F26: 4000 | G26: ='PAINEL DE CONTROLE'!$J$8 -> 6545 | H26: 0 | I26: =SUM(H26+F26) -> 4000 | J26: =SUM(I26-G26) -> -2545
B27: =VLOOKUP(C27,[1]Saldo!A26:B31299,2,0) -> #ERROR! | C27: 90608-9474 | D27: ='[1]PARAMETROS PREVENTIVA'!$C692 -> #REF! | E27: 1 | F27: 4000 | G27: ='PAINEL DE CONTROLE'!$J$8 -> 6545 | H27: 0 | I27: =SUM(H27+F27) -> 4000 | J27: =SUM(I27-G27) -> -2545
B28: =VLOOKUP(C28,[1]Saldo!A27:B31300,2,0) -> #ERROR! | C28: 321161-0142 | D28: ='[1]PARAMETROS PREVENTIVA'!$C693 -> #REF! | E28: 2 | F28: 4000 | G28: ='PAINEL DE CONTROLE'!$J$8 -> 6545 | H28: 0 | I28: =SUM(H28+F28) -> 4000 | J28: =SUM(I28-G28) -> -2545
B29: =VLOOKUP(C29,[1]Saldo!A28:B31301,2,0) -> #ERROR! | C29: 90607-5194 | D29: ='[1]PARAMETROS PREVENTIVA'!$C694 -> #REF! | E29: 1 | F29: 4000 | G29: ='PAINEL DE CONTROLE'!$J$8 -> 6545 | H29: 0 | I29: =SUM(H29+F29) -> 4000 | J29: =SUM(I29-G29) -> -2545
B30: =VLOOKUP(C30,[1]Saldo!A29:B31302,2,0) -> #ERROR! | C30: 321153-0136 | D30: ='[1]PARAMETROS PREVENTIVA'!$C695 -> #REF! | E30: 2 | F30: 4000 | G30: ='PAINEL DE CONTROLE'!$J$8 -> 6545 | H30: 0 | I30: =SUM(H30+F30) -> 4000 | J30: =SUM(I30-G30) -> -2545
B31: =VLOOKUP(C31,[1]Saldo!A30:B31303,2,0) -> #ERROR! | C31: 2771221-0000 | D31: ='[1]PARAMETROS PREVENTIVA'!$C696 -> #REF! | E31: 2 | F31: 4000 | G31: ='PAINEL DE CONTROLE'!$J$8 -> 6545 | H31: 0 | I31: =SUM(H31+F31) -> 4000 | J31: =SUM(I31-G31) -> -2545
B32: =VLOOKUP(C32,[1]Saldo!A31:B31304,2,0) -> #ERROR! | C32: 2787843-0000 | D32: ='[1]PARAMETROS PREVENTIVA'!$C697 -> #REF! | E32: 1 | F32: 4000 | G32: ='PAINEL DE CONTROLE'!$J$8 -> 6545 | H32: 0 | I32: =SUM(H32+F32) -> 4000 | J32: =SUM(I32-G32) -> -2545
B33: =VLOOKUP(C33,[1]Saldo!A32:B31305,2,0) -> #ERROR! | C33: 90240-0257 | D33: ='[1]PARAMETROS PREVENTIVA'!$C698 -> #REF! | E33: 2 | F33: 4000 | G33: ='PAINEL DE CONTROLE'!$J$8 -> 6545 | H33: 0 | I33: =SUM(H33+F33) -> 4000 | J33: =SUM(I33-G33) -> -2545
A34: CADEIA DE ESTAÇÃO | B34: =VLOOKUP(C34,[1]Saldo!A33:B31306,2,0) -> #ERROR! | C34: 1065841-0000 | D34: ='[1]PARAMETROS PREVENTIVA'!$C699 -> #REF! | E34: 1 | F34: 4000 | G34: ='PAINEL DE CONTROLE'!$J$8 -> 6545 | H34: 0 | I34: =SUM(H34+F34) -> 4000 | J34: =SUM(I34-G34) -> -2545
B35: =VLOOKUP(C35,[1]Saldo!A34:B31307,2,0) -> #ERROR! | C35: 315751-0116 | D35: ='[1]PARAMETROS PREVENTIVA'!$C700 -> #REF! | E35: 2 | F35: 4000 | G35: ='PAINEL DE CONTROLE'!$J$8 -> 6545 | H35: 0 | I35: =SUM(H35+F35) -> 4000 | J35: =SUM(I35-G35) -> -2545
B36: =VLOOKUP(C36,[1]Saldo!A35:B31308,2,0) -> #ERROR! | C36: 90288-0317 | D36: ='[1]PARAMETROS PREVENTIVA'!$C701 -> #REF! | E36: 1 | F36: 4000 | G36: ='PAINEL DE CONTROLE'!$J$8 -> 6545 | H36: 0 | I36: =SUM(H36+F36) -> 4000 | J36: =SUM(I36-G36) -> -2545
B37: =VLOOKUP(C37,[1]Saldo!A36:B31309,2,0) -> #ERROR! | C37: 90141-0020 | D37: ='[1]PARAMETROS PREVENTIVA'!$C702 -> #REF! | E37: 2 | F37: 4000 | G37: ='PAINEL DE CONTROLE'!$J$8 -> 6545 | H37: 0 | I37: =SUM(H37+F37) -> 4000 | J37: =SUM(I37-G37) -> -2545
B38: =VLOOKUP(C38,[1]Saldo!A37:B31310,2,0) -> #ERROR! | C38: 315220-0204 | D38: ='[1]PARAMETROS PREVENTIVA'!$C703 -> #REF! | E38: 8 | F38: 4000 | G38: ='PAINEL DE CONTROLE'!$J$8 -> 6545 | H38: 0 | I38: =SUM(H38+F38) -> 4000 | J38: =SUM(I38-G38) -> -2545
B39: =VLOOKUP(C39,[1]Saldo!A38:B31311,2,0) -> #ERROR! | C39: 315750-0129 | D39: ='[1]PARAMETROS PREVENTIVA'!$C704 -> #REF! | E39: 4 | F39: 4000 | G39: ='PAINEL DE CONTROLE'!$J$8 -> 6545 | H39: 0 | I39: =SUM(H39+F39) -> 4000 | J39: =SUM(I39-G39) -> -2545
B40: =VLOOKUP(C40,[1]Saldo!A39:B31312,2,0) -> #ERROR! | C40: 344224-0209 | D40: ='[1]PARAMETROS PREVENTIVA'!$C705 -> #REF! | E40: 4 | F40: 4000 | G40: ='PAINEL DE CONTROLE'!$J$8 -> 6545 | H40: 0 | I40: =SUM(H40+F40) -> 4000 | J40: =SUM(I40-G40) -> -2545
B41: =VLOOKUP(C41,[1]Saldo!A40:B31313,2,0) -> #ERROR! | C41: 344226-0105 | D41: ='[1]PARAMETROS PREVENTIVA'!$C706 -> #REF! | E41: 4 | F41: 4000 | G41: ='PAINEL DE CONTROLE'!$J$8 -> 6545 | H41: 0 | I41: =SUM(H41+F41) -> 4000 | J41: =SUM(I41-G41) -> -2545
B42: =VLOOKUP(C42,[1]Saldo!A41:B31314,2,0) -> #ERROR! | C42: 318213-0080 | D42: ='[1]PARAMETROS PREVENTIVA'!$C707 -> #REF! | E42: 1 | F42: 4000 | G42: ='PAINEL DE CONTROLE'!$J$8 -> 6545 | H42: 0 | I42: =SUM(H42+F42) -> 4000 | J42: =SUM(I42-G42) -> -2545
B43: =VLOOKUP(C43,[1]Saldo!A42:B31315,2,0) -> #ERROR! | C43: 90091-0200 | D43: ='[1]PARAMETROS PREVENTIVA'!$C708 -> #REF! | E43: 4 | F43: 4000 | G43: ='PAINEL DE CONTROLE'!$J$8 -> 6545 | H43: 0 | I43: =SUM(H43+F43) -> 4000 | J43: =SUM(I43-G43) -> -2545
B44: =VLOOKUP(C44,[1]Saldo!A43:B31316,2,0) -> #ERROR! | C44: 90091-0304 | D44: ='[1]PARAMETROS PREVENTIVA'!$C709 -> #REF! | E44: 4 | F44: 4000 | G44: ='PAINEL DE CONTROLE'!$J$8 -> 6545 | H44: 0 | I44: =SUM(H44+F44) -> 4000 | J44: =SUM(I44-G44) -> -2545
B45: =VLOOKUP(C45,[1]Saldo!A44:B31317,2,0) -> #ERROR! | C45: 315750-0119 | D45: ='[1]PARAMETROS PREVENTIVA'!$C710 -> #REF! | E45: 1 | F45: 4000 | G45: ='PAINEL DE CONTROLE'!$J$8 -> 6545 | H45: 0 | I45: =SUM(H45+F45) -> 4000 | J45: =SUM(I45-G45) -> -2545
B46: =VLOOKUP(C46,[1]Saldo!A45:B31318,2,0) -> #ERROR! | C46: 90091-0322 | D46: ='[1]PARAMETROS PREVENTIVA'!$C711 -> #REF! | E46: 4 | F46: 4000 | G46: ='PAINEL DE CONTROLE'!$J$8 -> 6545 | H46: 0 | I46: =SUM(H46+F46) -> 4000 | J46: =SUM(I46-G46) -> -2545
... B49: =VLOOKUP(C49,[1]Saldo!A48:B31321,2,0) -> #ERROR! | C49: 90288-0333 | D49: ='[1]PARAMETROS PREVENTIVA'!$C714 -> #REF! | E49: 1 | F49: 4000 | G49: ='PAINEL DE CONTROLE'!$J$8 -> 6545 | H49: 0 | I49: =SUM(H49+F49) -> 4000 | J49: =SUM(I49-G49) -> -2545
A50: FORMAÇÃO BANDEJA - PRENSA DE FUNDO (SPC 3.3 10-1) | B50: =VLOOKUP(C50,[1]Saldo!A49:B31322,2,0) -> #ERROR! | C50: 321141-0104 | D50: ='[1]PARAMETROS PREVENTIVA'!$C715 -> #REF! | E50: 4 | F50: 4000 | G50: ='PAINEL DE CONTROLE'!$J$8 -> 6545 | H50: 0 | I50: =SUM(H50+F50) -> 4000 | J50: =SUM(I50-G50) -> -2545
A51: FORMAÇÃO BANDEJA - SUPORTE DA BANDEJA (SPC 3.3 15-1) | B51: =VLOOKUP(C51,[1]Saldo!A50:B31323,2,0) -> #ERROR! | C51: 321141-0100 | D51: ='[1]PARAMETROS PREVENTIVA'!$C716 -> #REF! | E51: 4 | F51: 3000 | G51: ='PAINEL DE CONTROLE'!$J$8 -> 6545 | H51: 0 | I51: =SUM(H51+F51) -> 3000 | J51: =SUM(I51-G51) -> -3545
B52: =VLOOKUP(C52,[1]Saldo!A51:B31324,2,0) -> #ERROR! | C52: 321141-0102 | D52: ='[1]PARAMETROS PREVENTIVA'!$C717 -> #REF! | E52: 8 | F52: 3000 | G52: ='PAINEL DE CONTROLE'!$J$8 -> 6545 | H52: 0 | I52: =SUM(H52+F52) -> 3000 | J52: =SUM(I52-G52) -> -3545
B53: =VLOOKUP(C53,[1]Saldo!A52:B31325,2,0) -> #ERROR! | C53: 321141-0140 | D53: ='[1]PARAMETROS PREVENTIVA'!$C718 -> #REF! | E53: 2 | F53: 3000 | G53: ='PAINEL DE CONTROLE'!$J$8 -> 6545 | H53: 0 | I53: =SUM(H53+F53) -> 3000 | J53: =SUM(I53-G53) -> -3545
A54: FORMAÇÃO BANDEJA - PARADA FINAL DA EMBALAGEM (SPC3.3 9-1) | B54: =VLOOKUP(C54,[1]Saldo!A53:B31326,2,0) -> #ERROR! | C54: 90240-0325 | D54: ='[1]PARAMETROS PREVENTIVA'!$C719 -> #REF! | E54: 2 | F54: 3000 | G54: ='PAINEL DE CONTROLE'!$J$8 -> 6545 | H54: 0 | I54: =SUM(H54+F54) -> 3000 | J54: =SUM(I54-G54) -> -3545
B55: =VLOOKUP(C55,[1]Saldo!A54:B31327,2,0) -> #ERROR! | C55: 90459-3828 | D55: ='[1]PARAMETROS PREVENTIVA'!$C720 -> #REF! | E55: 2 | F55: 3000 | G55: ='PAINEL DE CONTROLE'!$J$8 -> 6545 | H55: 0 | I55: =SUM(H55+F55) -> 3000 | J55: =SUM(I55-G55) -> -3545
A56: FORMAÇÃO BANDEJA - ESTAÇÃO DE DOBRAGEM (SPC 3.3 8-3) | B56: =VLOOKUP(C56,[1]Saldo!A55:B31328,2,0) -> #ERROR! | C56: 90240-0184 | D56: ='[1]PARAMETROS PREVENTIVA'!$C721 -> #REF! | E56: 2 | F56: 3000 | G56: ='PAINEL DE CONTROLE'!$J$8 -> 6545 | H56: 0 | I56: =SUM(H56+F56) -> 3000 | J56: =SUM(I56-G56) -> -3545
A57: FORMAÇÃO BANDEJA - VENTOSA (SPC 3.4 2-1) | B57: =VLOOKUP(C57,[1]Saldo!A56:B31329,2,0) -> #ERROR! | C57: 1021166-0000 | D57: ='[1]PARAMETROS PREVENTIVA'!$C722 -> #REF! | E57: 4 | F57: 2000 | G57: ='PAINEL DE CONTROLE'!$J$8 -> 6545 | H57: 0 | I57: =SUM(H57+F57) -> 2000 | J57: =SUM(I57-G57) -> -4545
B58: =VLOOKUP(C58,[1]Saldo!A57:B31330,2,0) -> #ERROR! | C58: 90604-6808 | D58: ='[1]PARAMETROS PREVENTIVA'!$C723 -> #REF! | E58: 2 | F58: 2000 | G58: ='PAINEL DE CONTROLE'!$J$8 -> 6545 | H58: 0 | I58: =SUM(H58+F58) -> 2000 | J58: =SUM(I58-G58) -> -4545
A59: UNIDADE DO MAGAZINE - UNIDADE DE APOIO (SPC 4.4-1 / 4.5-1) | B59: =VLOOKUP(C59,[1]Saldo!A58:B31331,2,0) -> #ERROR! | C59: 315751-0116 | D59: ='[1]PARAMETROS PREVENTIVA'!$C724 -> #REF! | E59: 3 | F59: 5000 | G59: ='PAINEL DE CONTROLE'!$J$8 -> 6545 | H59: 0 | I59: =SUM(H59+F59) -> 5000 | J59: =SUM(I59-G59) -> -1545
B60: =VLOOKUP(C60,[1]Saldo!A59:B31332,2,0) -> #ERROR! | C60: 344224-0204 | D60: ='[1]PARAMETROS PREVENTIVA'!$C725 -> #REF! | E60: 4 | F60: 5000 | G60: ='PAINEL DE CONTROLE'!$J$8 -> 6545 | H60: 0 | I60: =SUM(H60+F60) -> 5000 | J60: =SUM(I60-G60) -> -1545
B61: =VLOOKUP(C61,[1]Saldo!A60:B31333,2,0) -> #ERROR! | C61: 90141-0015 | D61: ='[1]PARAMETROS PREVENTIVA'!$C726 -> #REF! | E61: 1 | F61: 5000 | G61: ='PAINEL DE CONTROLE'!$J$8 -> 6545 | H61: 0 | I61: =SUM(H61+F61) -> 5000 | J61: =SUM(I61-G61) -> -1545
B62: =VLOOKUP(C62,[1]Saldo!A61:B31334,2,0) -> #ERROR! | C62: 90348-0033 | D62: ='[1]PARAMETROS PREVENTIVA'!$C728 -> #REF! | E62: 1 | F62: 5000 | G62: ='PAINEL DE CONTROLE'!$J$8 -> 6545 | H62: 0 | I62: =SUM(H62+F62) -> 5000 | J62: =SUM(I62-G62) -> -1545
B63: =VLOOKUP(C63,[1]Saldo!A62:B31335,2,0) -> #ERROR! | C63: 90605-5443 | D63: ='[1]PARAMETROS PREVENTIVA'!$C729 -> #REF! | E63: 2 | F63: 10000 | G63: ='PAINEL DE CONTROLE'!$J$8 -> 6545 | H63: 0 | I63: =SUM(H63+F63) -> 10000 | J63: =SUM(I63-G63) -> 3455
A64: LUBRI. CENTRAL - SIST. DE LUBRI. DA FORMACAO PADRÃO (SPC 7.5-1 / 7.4-5) - (SPC 7.6-4) | B64: =VLOOKUP(C64,[1]Saldo!A63:B31336,2,0) -> #ERROR! | C64: 90092-0053 | D64: ='[1]PARAMETROS PREVENTIVA'!$C730 -> #REF! | E64: 8 | F64: 4000 | G64: ='PAINEL DE CONTROLE'!$J$8 -> 6545 | H64: 0 | I64: =SUM(H64+F64) -> 4000 | J64: =SUM(I64-G64) -> -2545
A65: UNIDADE DE TRANSFERÊNCIA | B65: =VLOOKUP(C65,[1]Saldo!A64:B31337,2,0) -> #ERROR! | C65: 1021090-0000 | D65: ='[1]PARAMETROS PREVENTIVA'!$C731 -> #REF! | E65: 7 | F65: 6000 | G65: ='PAINEL DE CONTROLE'!$J$8 -> 6545 | H65: 0 | I65: =SUM(H65+F65) -> 6000 | J65: =SUM(I65-G65) -> -545
B66: =VLOOKUP(C66,[1]Saldo!A65:B31338,2,0) -> #ERROR! | C66: 1021091-0000 | D66: ='[1]PARAMETROS PREVENTIVA'!$C732 -> #REF! | E66: 7 | F66: 6000 | G66: ='PAINEL DE CONTROLE'!$J$8 -> 6545 | H66: 0 | I66: =SUM(H66+F66) -> 6000 | J66: =SUM(I66-G66) -> -545
B67: =VLOOKUP(C67,[1]Saldo!A66:B31339,2,0) -> #ERROR! | C67: 1466474-0000 | D67: ='[1]PARAMETROS PREVENTIVA'!$C733 -> #REF! | E67: 10 | F67: 6000 | G67: ='PAINEL DE CONTROLE'!$J$8 -> 6545 | H67: 0 | I67: =SUM(H67+F67) -> 6000 | J67: =SUM(I67-G67) -> -545
B68: =VLOOKUP(C68,[1]Saldo!A67:B31340,2,0) -> #ERROR! | C68: 1466543-0000 | D68: ='[1]PARAMETROS PREVENTIVA'!$C734 -> #REF! | E68: 5 | F68: 6000 | G68: ='PAINEL DE CONTROLE'!$J$8 -> 6545 | H68: 0 | I68: =SUM(H68+F68) -> 6000 | J68: =SUM(I68-G68) -> -545
B69: =VLOOKUP(C69,[1]Saldo!A68:B31341,2,0) -> #ERROR! | C69: 1466544-0000 | D69: ='[1]PARAMETROS PREVENTIVA'!$C735 -> #REF! | E69: 5 | F69: 6000 | G69: ='PAINEL DE CONTROLE'!$J$8 -> 6545 | H69: 0 | I69: =SUM(H69+F69) -> 6000 | J69: =SUM(I69-G69) -> -545
B70: =VLOOKUP(C70,[1]Saldo!A69:B31342,2,0) -> #ERROR! | C70: 3431652-0000 | D70: ='[1]PARAMETROS PREVENTIVA'!$C736 -> #REF! | E70: 7 | F70: 6000 | G70: ='PAINEL DE CONTROLE'!$J$8 -> 6545 | H70: 0 | I70: =SUM(H70+F70) -> 6000 | J70: =SUM(I70-G70) -> -545
B71: =VLOOKUP(C71,[1]Saldo!A70:B31343,2,0) -> #ERROR! | C71: 3431653-0000 | D71: ='[1]PARAMETROS PREVENTIVA'!$C737 -> #REF! | E71: 7 | F71: 6000 | G71: ='PAINEL DE CONTROLE'!$J$8 -> 6545 | H71: 0 | I71: =SUM(H71+F71) -> 6000 | J71: =SUM(I71-G71) -> -545
